EV_ID,Battery_Capacity_kWh,State_of_Charge_%,Charging_Power_kW,Availability_Hours,Voltage_Level_kV,Transformer_Load_%,Grid_Frequency_Hz,Power_Loss_kW,Renewable_Generation_kW,Load_Demand_kW,Electricity_Price_$per_kWh,V2G_Enabled,Optimal_Charging_Cost_$
1,56.22,26.7,7.97,16.5,19.05,51.5,49.79,2.21,26.03,74.75,0.281,0,36.84
2,96.55,58.8,7.69,19.3,26.66,57.9,50.09,4.39,37.11,40.25,0.17,0,25.28
3,81.24,88.6,20.22,6.8,25.18,88.4,50.06,1.58,25.49,36.13,0.206,0,28.15
4,71.91,75.9,7.74,15.4,5.42,47.2,50.19,0.56,21.12,58.71,0.258,0,30.65
5,40.92,82.6,8.17,14.2,5.27,89.6,49.84,3.82,19.9,12.13,0.14,0,16.19
6,40.92,69.3,17.43,20.2,9.14,27.1,50.01,3.07,1.32,17.18,0.158,0,55.36
7,34.07,72.3,11.55,21.8,12.17,82.1,49.73,2.89,16.78,47.62,0.152,0,38.42
8,90.63,86.4,17.76,1.3,13.72,87.8,50.14,0.36,48.8,94.86,0.144,1,0.46
9,72.08,32.5,4.24,16.5,22.56,34.5,50.1,0.79,43.68,74.94,0.281,0,19.7
10,79.57,54.0,12.26,2.2,2.25,54.4,50.1,3.15,16.47,17.93,0.257,0,6.92
11,31.44,29.9,3.64,13.6,1.53,33.2,50.0,1.12,29.39,86.17,0.077,1,0.5
12,97.89,98.9,4.19,7.6,13.18,76.5,50.08,2.57,42.36,75.91,0.077,1,-1.9
13,88.27,95.0,20.22,8.1,23.13,62.8,50.32,2.77,22.06,64.99,0.157,1,21.22
14,44.86,13.5,5.65,9.1,6.71,70.8,49.94,1.49,0.9,83.83,0.075,1,0.95
15,42.73,73.5,13.12,15.3,21.31,35.7,50.03,4.75,3.73,46.37,0.205,0,41.07
16,42.84,93.3,10.81,8.7,8.87,36.9,49.78,4.23,25.52,29.94,0.086,1,4.86
17,51.3,26.3,9.6,17.9,29.29,23.3,49.83,3.64,48.47,56.08,0.181,1,26.86
18,66.73,61.1,20.1,10.3,29.6,45.8,50.02,0.48,34.66,59.4,0.052,1,10.7
19,60.24,92.4,3.41,2.6,10.09,64.8,50.22,0.62,3.55,58.45,0.129,1,-3.83
20,50.39,13.1,15.61,19.0,7.9,88.6,49.95,2.51,9.47,60.86,0.219,0,65.14
21,72.83,72.8,21.3,7.6,13.81,73.4,49.95,0.89,38.57,95.38,0.171,1,25.24
22,39.76,36.8,13.64,11.0,8.24,54.8,49.92,4.89,42.07,91.2,0.295,1,39.66
23,50.45,93.2,20.8,16.8,22.32,96.2,49.89,0.88,30.88,88.81,0.269,1,92.51
24,55.65,97.4,3.99,8.6,27.33,77.5,50.06,2.49,32.22,82.13,0.14,1,2.44
25,61.92,95.0,10.96,2.3,22.34,94.4,49.7,1.88,1.42,94.91,0.061,0,1.55
26,84.96,52.7,7.94,9.6,27.27,62.2,50.26,3.23,41.43,18.86,0.261,1,17.96
27,43.98,87.6,16.89,22.7,13.34,40.7,49.87,0.73,39.41,33.86,0.278,1,105.7
28,66.0,86.0,21.64,15.8,5.5,24.2,50.14,2.21,12.95,54.56,0.255,1,85.22
29,71.47,38.7,7.87,16.4,24.46,78.1,49.75,1.45,35.43,86.19,0.082,0,10.62
30,33.25,84.6,15.43,15.5,12.15,29.7,50.13,4.45,10.74,55.46,0.299,1,66.85
31,72.53,13.3,6.76,5.6,22.28,44.2,50.13,0.3,2.02,77.32,0.115,1,-0.65
32,41.94,63.7,13.74,10.6,9.22,62.6,50.08,4.58,10.06,22.51,0.231,0,33.72
33,34.55,30.7,11.81,18.3,3.05,65.2,49.8,4.18,8.93,32.72,0.277,1,56.17
34,96.42,20.9,21.47,3.3,32.76,68.0,50.05,1.56,16.89,75.86,0.109,0,7.79
35,97.59,16.9,14.56,7.4,5.49,33.3,49.76,3.97,20.92,24.83,0.277,0,29.82
36,86.59,72.7,9.64,7.4,32.62,50.4,49.95,0.25,25.43,41.62,0.127,1,8.51
37,51.32,40.6,5.17,10.9,32.26,69.4,50.21,4.84,23.84,33.84,0.294,1,11.79
38,36.84,75.2,5.87,23.5,26.28,97.6,50.16,2.68,13.53,41.49,0.12,0,16.64
39,77.9,15.9,7.28,2.6,21.9,78.2,50.0,1.59,1.46,73.75,0.288,0,5.36
40,60.81,38.4,7.77,12.9,19.24,93.8,49.81,1.88,30.26,43.11,0.063,1,5.56
41,38.54,58.6,19.16,5.1,28.63,81.0,50.13,0.43,19.79,59.97,0.227,0,22.33
42,64.66,81.2,13.66,23.3,9.84,67.3,50.0,4.95,14.93,18.99,0.183,0,58.33
43,32.41,38.7,12.94,3.6,15.65,35.4,49.54,0.29,43.35,82.45,0.169,1,5.06
44,93.65,66.3,5.18,10.3,20.59,73.3,50.16,3.31,37.34,43.29,0.106,0,5.64
45,48.11,89.7,19.34,18.0,13.8,69.9,50.0,2.27,42.89,68.37,0.226,0,78.7
46,76.38,65.4,16.73,17.2,14.34,68.2,50.24,4.75,24.75,75.29,0.098,0,28.13
47,51.82,31.0,4.29,10.7,11.17,59.2,49.78,1.31,6.55,28.87,0.188,0,8.65
48,66.4,12.2,16.45,9.0,18.79,62.3,49.36,2.71,34.81,89.62,0.113,0,16.72
49,68.27,88.3,13.33,10.1,28.13,46.8,50.06,2.46,10.3,65.46,0.289,0,39.06
50,42.94,11.9,4.55,7.1,6.97,61.5,50.06,3.54,22.06,48.59,0.057,1,-2.11
51,97.87,88.7,11.71,5.7,30.86,35.8,49.66,0.43,3.25,26.41,0.1,0,6.7
52,84.26,57.6,12.21,12.1,22.86,84.4,49.8,1.05,41.27,94.81,0.111,1,14.9
53,95.76,94.5,6.15,7.2,27.24,34.9,50.55,1.15,6.3,77.96,0.154,1,5.08
54,92.64,81.9,20.97,7.6,18.53,26.8,49.94,3.72,45.15,28.72,0.108,1,12.59
55,71.85,99.8,19.15,16.1,25.81,54.9,50.15,1.03,43.21,40.39,0.173,1,52.48
56,94.53,41.6,15.71,23.3,0.93,72.7,49.87,2.91,23.23,82.87,0.268,1,97.84
57,36.19,79.0,11.78,14.9,27.08,55.0,49.58,1.15,37.22,72.61,0.228,1,37.72
58,43.72,46.2,10.82,2.8,1.71,42.1,49.97,4.32,30.97,78.92,0.195,1,1.84
59,33.17,53.2,15.37,2.7,29.41,64.7,49.95,4.72,40.15,49.71,0.072,1,-0.82
60,52.77,66.5,13.36,22.9,32.74,47.8,49.92,2.64,21.59,74.48,0.223,0,68.34
61,57.21,88.6,4.18,7.8,9.99,94.6,49.98,1.83,39.29,44.78,0.092,1,0.34
62,48.99,98.6,12.74,3.1,7.26,93.8,50.05,1.25,23.12,29.01,0.247,1,9.29
63,88.01,79.1,18.32,14.8,25.35,60.2,49.97,0.34,47.05,66.94,0.113,1,27.52
64,54.97,47.6,11.73,15.3,8.65,46.2,49.75,1.42,24.32,97.84,0.154,0,27.75
65,49.67,47.9,3.99,15.9,28.62,79.0,50.1,3.31,23.13,37.95,0.138,1,8.27
66,67.99,76.4,17.94,7.2,3.75,22.9,49.61,2.71,39.25,51.49,0.265,0,33.95
67,39.86,31.5,6.83,1.3,4.51,58.0,49.59,4.73,41.08,70.66,0.082,1,0.69
68,86.15,19.9,7.91,23.2,32.32,46.9,50.15,2.04,27.72,58.74,0.191,1,32.17
69,35.22,41.9,6.13,6.8,22.37,93.6,50.1,3.5,8.99,85.91,0.086,0,3.55
70,99.08,35.9,9.27,16.5,28.01,21.0,49.99,2.5,23.39,78.56,0.226,1,31.36
71,84.06,36.7,17.38,17.3,10.97,64.2,49.72,2.61,48.4,15.25,0.276,0,82.83
72,43.91,31.0,12.87,15.0,22.45,79.3,49.86,1.41,37.65,99.86,0.159,0,30.69
73,30.39,13.8,6.89,8.2,19.77,58.8,49.95,2.33,40.56,77.72,0.172,1,5.2
74,87.08,11.6,19.68,7.2,20.06,26.8,49.68,2.41,1.64,87.75,0.282,1,36.06
75,79.48,98.9,19.71,14.7,22.65,97.8,49.85,3.56,23.39,68.61,0.18,0,52.39
76,81.03,48.5,19.54,20.9,19.16,61.4,50.13,4.71,32.33,87.07,0.172,0,70.27
77,83.99,44.6,7.54,22.8,14.39,69.1,50.29,1.71,41.5,20.11,0.195,1,31.96
78,35.18,71.2,11.57,3.4,9.4,38.9,49.92,0.31,2.46,41.3,0.222,1,4.39
79,55.09,29.6,21.71,4.6,25.46,58.7,50.15,2.53,42.62,88.88,0.077,1,3.19
80,38.11,95.5,17.67,22.7,7.78,54.3,49.62,2.77,27.42,28.15,0.255,0,102.51
81,90.42,80.8,3.52,17.9,22.97,26.0,50.13,0.93,9.87,17.04,0.159,1,7.2
82,73.63,18.0,4.24,21.3,8.01,28.5,49.84,3.83,15.86,80.93,0.068,0,6.15
83,53.16,47.6,11.81,5.7,20.79,87.0,50.06,4.93,14.1,85.19,0.247,1,13.83
84,34.45,89.1,20.28,14.5,24.75,39.2,49.95,4.73,26.54,24.64,0.144,0,42.45
85,51.77,95.0,13.24,17.1,7.53,35.6,50.26,1.07,2.58,86.89,0.075,0,17.02
86,52.76,52.1,12.46,16.6,2.35,60.4,49.83,4.39,7.93,71.81,0.208,1,39.43
87,81.07,65.2,5.0,10.4,4.67,81.5,50.13,3.55,40.63,56.81,0.27,0,14.04
88,74.63,25.0,15.48,1.4,20.16,25.0,49.94,2.32,6.63,84.72,0.272,0,5.7
89,92.1,99.2,18.62,14.4,28.09,66.1,49.97,2.75,11.67,47.73,0.289,0,77.64
90,63.06,30.9,10.23,6.8,1.87,29.5,49.96,4.26,22.67,27.46,0.267,0,18.62
91,38.37,94.8,17.74,11.4,24.33,22.9,49.83,2.45,25.86,35.64,0.051,0,10.18
92,79.93,68.5,21.33,23.0,11.53,24.2,50.0,1.93,38.18,55.46,0.145,1,70.57
93,83.25,64.7,6.87,10.2,16.0,86.7,49.99,2.52,22.37,57.82,0.255,1,17.4
94,69.29,56.1,12.94,20.3,30.68,29.4,50.05,2.94,39.49,82.5,0.142,0,37.22
95,83.97,30.8,8.46,5.3,11.22,23.6,50.02,1.03,30.92,81.22,0.2,1,5.9
96,64.57,25.9,18.06,16.5,15.57,55.0,50.16,4.51,5.65,62.32,0.202,0,59.96
97,66.59,29.8,13.97,23.5,0.85,87.5,50.18,3.4,7.82,80.27,0.141,0,46.33
98,59.93,26.8,15.06,3.3,3.06,41.0,49.79,3.2,21.85,27.26,0.276,1,11.91
99,31.78,80.2,18.16,1.2,8.83,53.7,50.17,0.59,19.84,14.51,0.176,0,3.8
100,37.55,41.5,10.52,11.0,1.31,23.2,49.76,3.06,37.18,88.63,0.166,0,19.19
101,32.2,15.2,20.39,3.1,20.98,55.9,50.12,0.69,29.04,16.8,0.299,0,19.11
102,74.55,97.2,13.13,18.2,14.3,66.2,50.12,0.49,19.41,32.2,0.173,1,36.77
103,52.0,89.5,6.0,22.0,18.27,65.7,49.62,2.68,8.54,72.58,0.095,1,8.49
104,65.6,93.5,16.22,11.0,6.09,46.6,50.02,2.07,11.34,46.85,0.178,0,31.76
105,93.53,99.5,18.07,7.0,10.05,45.2,49.91,2.99,28.78,88.87,0.254,0,31.84
106,47.45,25.7,9.02,11.0,22.04,28.5,49.85,0.54,21.17,36.82,0.244,0,24.21
107,58.73,45.7,19.29,17.6,31.87,49.3,50.27,2.21,25.75,11.07,0.247,0,84.08
108,82.89,78.2,20.22,1.2,2.04,28.0,49.87,0.96,8.53,37.06,0.227,0,5.55
109,46.02,72.6,8.26,14.6,29.43,81.3,49.84,4.94,33.15,62.03,0.114,1,12.81
110,35.39,23.9,21.69,15.1,19.21,97.3,50.02,2.85,42.63,43.83,0.266,1,86.98
111,50.28,83.4,5.67,15.7,18.78,97.6,50.14,3.47,12.9,58.14,0.273,1,20.71
112,41.29,30.2,6.84,6.6,16.71,89.2,49.97,1.69,24.58,88.89,0.099,1,3.87
113,95.08,30.1,6.5,17.4,2.66,68.1,50.23,0.56,48.78,92.12,0.083,0,9.36
114,86.57,58.3,19.99,3.1,3.33,76.1,50.11,4.88,16.66,33.94,0.294,0,18.22
115,74.34,63.4,15.43,5.6,19.99,42.8,49.56,1.5,29.75,51.59,0.267,1,20.21
116,91.0,62.2,5.89,21.2,11.52,70.5,49.89,2.18,4.51,59.42,0.273,1,32.11
117,86.26,18.2,11.37,18.0,30.3,56.5,49.89,3.28,30.3,95.42,0.272,0,55.54
118,43.06,89.0,14.69,1.3,13.65,58.6,50.1,0.22,4.48,99.88,0.185,1,3.31
119,92.48,33.9,4.59,6.7,5.07,80.6,49.48,4.07,47.96,31.19,0.212,0,6.51
120,67.75,21.7,19.77,5.9,23.7,42.6,50.51,2.73,35.78,75.43,0.186,0,21.85
121,86.52,90.0,18.27,7.2,9.96,45.4,50.11,1.46,39.41,44.02,0.063,0,8.29
122,92.73,96.0,12.6,6.7,17.53,94.0,50.03,0.4,35.21,10.73,0.236,1,18.46
123,52.26,87.6,21.38,2.4,23.15,24.5,50.24,0.9,29.49,10.83,0.176,1,8.85
124,37.7,82.9,10.94,11.6,29.75,58.9,50.47,4.49,22.5,51.45,0.212,1,22.31
125,45.96,69.0,21.7,17.9,26.23,93.0,50.17,3.46,42.92,53.95,0.176,1,64.59
126,59.9,59.6,15.69,15.0,22.45,68.8,50.19,1.32,47.84,12.03,0.173,1,39.98
127,87.26,17.8,15.06,16.5,22.56,63.7,50.03,0.42,24.95,71.82,0.093,0,23.06
128,90.25,46.8,6.15,2.9,31.24,40.0,49.97,3.48,46.58,36.46,0.12,1,-2.76
129,30.49,43.5,19.76,22.9,10.04,47.5,49.9,2.9,29.17,60.39,0.09,0,40.56
130,65.75,33.4,11.12,20.3,0.44,88.2,49.83,2.08,26.92,37.08,0.099,0,22.32
131,59.22,75.1,6.08,19.5,9.27,64.7,49.86,1.88,22.72,25.04,0.293,0,34.81
132,45.55,54.6,3.24,19.9,7.5,61.2,49.73,1.16,10.46,46.65,0.088,1,1.92
133,38.39,17.3,13.64,22.5,21.98,28.0,49.98,3.38,0.19,30.9,0.117,1,32.02
134,53.63,29.8,13.02,13.5,21.06,21.3,49.66,4.86,12.08,58.13,0.198,1,32.4
135,96.0,71.5,16.67,5.6,19.75,97.1,50.04,0.96,25.49,27.89,0.203,1,16.78
136,52.62,16.9,19.91,15.2,0.93,50.2,49.99,3.03,19.0,55.76,0.088,1,26.71
137,66.32,86.6,4.51,18.1,24.16,68.3,50.03,2.18,22.42,24.16,0.248,1,15.63
138,79.21,54.6,16.9,18.0,10.95,26.4,49.9,2.29,49.03,70.39,0.246,1,71.79
139,55.45,53.3,6.56,13.0,22.08,74.6,50.62,1.35,17.51,77.85,0.109,1,8.3
140,98.02,63.3,19.31,2.6,18.54,94.6,50.27,4.14,22.61,19.94,0.122,0,6.07
141,97.37,84.2,18.56,9.5,11.57,66.1,49.75,2.48,6.68,52.1,0.284,1,45.78
142,47.62,41.3,13.28,22.2,4.79,30.1,50.05,2.76,2.4,16.38,0.256,0,75.49
143,64.81,71.0,16.49,14.4,3.48,66.5,49.88,1.59,38.77,63.84,0.224,0,53.47
144,51.06,60.9,8.97,13.4,27.51,81.3,49.8,0.99,28.53,33.8,0.071,0,8.47
145,49.94,34.0,11.95,7.2,30.34,52.5,49.73,0.52,38.04,57.49,0.155,0,13.27
146,32.58,89.1,18.61,9.5,21.58,90.4,50.09,3.6,7.49,56.57,0.19,1,29.26
147,72.67,81.8,11.73,21.6,3.77,71.9,49.86,1.06,28.59,93.19,0.097,1,20.41
148,65.19,69.3,9.8,16.3,13.51,91.9,50.19,3.48,12.68,59.42,0.162,0,25.93
149,33.6,86.6,12.39,19.1,24.16,69.9,50.2,2.01,11.4,62.47,0.2,0,47.42
150,49.51,88.1,18.74,11.4,25.82,30.5,50.27,2.14,0.58,46.15,0.132,0,28.29
151,93.58,73.8,9.37,15.5,4.25,44.8,49.83,2.4,6.52,95.42,0.245,1,34.12
152,46.77,85.3,6.3,6.7,0.4,36.1,50.1,1.9,15.46,79.95,0.26,0,11.0
153,40.14,72.8,16.53,17.2,23.62,92.7,50.13,0.59,5.84,35.69,0.131,0,37.27
154,64.26,71.2,18.69,10.8,12.03,80.8,49.91,1.62,49.29,85.98,0.26,1,52.49
155,99.0,65.7,4.91,11.2,8.7,74.1,49.85,3.35,15.43,48.92,0.076,0,4.17
156,46.94,77.7,7.56,15.9,0.82,44.1,50.32,3.36,6.52,84.58,0.259,1,30.05
157,77.05,24.3,5.7,22.5,18.01,34.7,50.05,1.5,9.95,84.06,0.088,1,7.87
158,83.31,89.3,9.61,2.5,28.15,80.5,50.13,2.35,29.39,27.0,0.071,0,1.68
159,46.63,88.5,11.56,20.0,31.62,57.9,49.84,1.05,3.2,73.1,0.21,0,48.57
160,80.98,12.6,17.23,7.7,18.84,38.1,49.76,1.13,43.12,36.16,0.168,0,22.36
161,55.74,84.3,15.37,11.2,17.17,69.3,49.89,0.21,48.07,36.77,0.277,1,45.79
162,74.26,21.6,14.8,1.5,3.17,23.2,49.98,4.49,12.34,36.67,0.141,1,2.21
163,74.35,40.2,9.7,7.9,18.29,46.1,49.79,1.13,22.5,75.3,0.122,1,5.4
164,67.5,76.9,18.99,12.6,12.79,57.5,50.0,1.21,1.11,30.68,0.175,0,41.78
165,36.32,24.5,11.95,2.3,20.19,31.8,49.66,1.47,32.04,10.08,0.164,0,4.49
166,88.47,83.6,21.6,12.3,13.07,98.8,49.78,0.72,20.7,74.37,0.136,0,36.15
167,52.45,84.9,15.05,22.3,8.23,36.7,50.13,3.23,13.5,25.41,0.223,0,75.06
168,43.06,55.7,5.4,3.4,3.5,30.4,50.12,0.47,10.34,19.4,0.24,0,4.43
169,32.85,10.6,15.85,18.6,10.67,36.3,49.92,0.76,32.7,31.38,0.263,0,77.52
170,71.36,35.8,9.18,10.4,3.55,81.5,49.8,3.26,20.81,44.19,0.293,1,23.75
171,77.43,65.5,16.04,16.1,6.17,54.0,49.79,1.76,8.98,52.83,0.117,1,25.45
172,31.16,98.3,4.32,7.0,32.59,65.2,49.93,3.57,34.46,14.01,0.229,1,2.79
173,65.85,66.9,6.32,4.7,14.88,21.7,50.13,2.83,28.25,97.35,0.149,0,4.39
174,45.85,33.4,19.26,4.7,17.74,22.8,50.19,1.35,42.93,74.45,0.219,1,18.45
175,75.16,67.1,7.32,2.6,28.88,55.7,49.9,3.29,5.87,39.09,0.169,1,0.5
176,42.21,58.6,18.9,5.3,32.86,85.3,49.77,0.67,39.28,38.68,0.298,1,26.12
177,78.37,80.2,8.31,16.3,19.4,90.8,50.05,2.73,33.68,50.37,0.232,0,31.4
178,57.07,19.6,15.21,21.3,26.89,26.9,49.84,2.24,5.75,66.36,0.288,0,93.28
179,95.57,78.5,16.19,19.7,11.06,63.1,49.9,1.41,34.74,23.17,0.259,1,82.38
180,39.63,58.7,12.74,16.8,10.37,93.1,50.27,3.06,22.08,27.0,0.276,0,58.87
181,53.87,96.7,8.8,3.5,13.53,51.0,50.17,4.37,47.25,87.35,0.254,0,7.9
182,37.94,40.8,7.04,7.7,22.32,86.4,50.03,4.99,7.08,33.06,0.165,0,8.88
183,94.73,66.9,3.63,8.1,22.64,30.7,49.75,3.08,32.14,44.22,0.113,0,3.33
184,91.41,93.9,8.77,6.7,10.68,94.8,50.04,2.08,19.1,88.41,0.143,1,3.67
185,48.06,19.2,15.41,12.8,4.74,80.1,50.21,1.2,47.84,69.68,0.055,0,10.9
186,76.2,94.4,20.83,13.3,21.02,95.3,49.92,1.36,16.5,40.75,0.181,1,45.64
187,87.21,71.9,19.55,9.2,4.58,74.1,50.27,2.45,48.11,71.53,0.176,1,26.9
188,68.86,16.1,17.56,9.1,19.26,49.1,50.26,1.9,45.07,11.77,0.181,0,29.08
189,67.08,37.1,17.98,20.1,23.01,95.1,50.33,4.58,13.52,76.21,0.294,0,105.85
190,46.93,73.7,15.63,19.2,23.24,42.0,50.06,1.9,40.18,53.83,0.278,0,83.21
191,36.52,16.1,7.95,8.1,24.96,46.6,50.12,1.93,49.78,83.19,0.09,1,3.06
192,92.81,62.4,20.24,22.0,28.86,76.1,50.28,1.98,12.63,95.92,0.142,1,61.1
193,93.03,41.1,15.74,22.9,16.7,81.2,50.09,4.2,21.84,93.32,0.156,1,51.89
194,74.32,65.9,13.65,8.5,24.21,94.4,49.9,3.29,26.01,91.83,0.14,1,15.79
195,53.73,14.1,5.11,9.2,20.59,36.4,49.91,3.11,14.75,56.1,0.25,1,10.38
196,54.44,88.4,11.49,12.6,6.48,83.8,50.05,1.74,0.76,42.41,0.181,1,22.52
197,80.82,97.6,11.75,22.6,1.24,79.1,49.74,4.11,11.01,51.85,0.193,1,50.87
198,92.8,97.2,19.43,21.2,9.68,25.1,49.97,0.29,14.1,72.09,0.263,0,108.19
199,92.1,77.5,13.39,3.4,14.84,51.0,50.22,4.37,22.18,89.56,0.251,1,9.37
200,84.59,21.7,10.23,10.0,20.52,42.6,49.56,2.61,8.56,28.63,0.083,1,5.41
201,74.94,78.2,21.56,13.7,28.11,44.4,50.31,2.05,43.66,92.64,0.228,1,66.83
202,35.89,12.2,5.1,12.6,6.8,98.6,50.22,2.54,35.25,83.37,0.159,1,5.89
203,41.31,12.0,11.03,5.5,4.49,71.4,49.91,3.37,4.26,98.1,0.124,0,7.44
204,92.9,39.1,3.8,20.8,31.81,77.4,50.11,0.16,32.5,89.22,0.063,1,0.34
205,72.45,54.0,17.06,16.6,3.92,98.1,50.0,4.37,32.68,35.19,0.172,1,46.22
206,30.64,79.3,20.44,20.3,16.0,50.2,50.25,2.29,47.81,19.54,0.139,0,57.55
207,37.1,71.5,8.32,20.8,19.49,84.1,50.2,1.78,0.15,20.1,0.113,0,19.49
208,76.45,50.1,19.31,18.2,18.05,54.8,49.72,0.78,12.4,36.21,0.224,1,78.63
209,30.35,34.6,8.55,11.1,3.2,89.6,50.12,2.25,46.39,65.28,0.242,1,20.35
210,41.26,99.7,20.3,15.0,2.26,34.5,49.96,2.53,46.61,82.39,0.111,1,33.43
211,68.41,48.4,17.33,4.7,3.84,95.8,50.02,2.08,36.03,90.93,0.062,1,3.11
212,78.43,50.6,18.29,16.5,19.49,37.5,49.85,3.43,38.29,66.14,0.262,1,76.16
213,75.64,24.7,3.34,5.1,18.15,46.1,50.35,2.16,4.57,10.51,0.052,1,-0.48
214,45.7,81.5,21.29,17.0,8.02,80.5,50.21,4.81,25.69,26.77,0.284,0,102.67
215,79.85,72.4,16.81,6.3,21.19,51.5,49.85,3.04,11.58,18.98,0.207,0,21.84
216,46.61,29.9,8.79,3.7,27.13,68.7,49.73,4.06,9.06,42.7,0.13,1,-0.49
217,52.78,17.4,18.76,4.8,1.76,55.6,49.92,0.64,40.52,55.12,0.112,1,9.55
218,82.25,71.2,8.35,1.0,16.64,79.4,50.09,2.05,6.75,13.91,0.052,1,-0.32
219,75.47,68.9,19.58,17.5,22.87,38.3,50.05,1.75,23.43,41.36,0.109,0,37.37
220,89.45,34.6,5.14,17.8,8.63,24.7,50.25,2.89,46.93,26.13,0.084,1,7.55
221,76.03,95.6,16.37,12.8,10.43,44.0,50.16,4.32,9.29,68.24,0.203,0,42.69
222,69.78,23.6,13.27,4.7,20.4,57.9,50.19,0.48,48.9,51.78,0.092,0,5.73
223,36.56,48.9,4.83,2.9,29.67,33.4,50.07,0.46,49.71,54.58,0.182,1,-1.8
224,55.74,94.9,7.6,1.4,26.8,48.4,49.72,4.27,27.78,48.49,0.198,0,2.16
225,48.56,47.8,3.24,4.8,19.41,52.0,49.96,1.14,8.51,96.04,0.125,1,-2.75
226,47.08,67.5,11.91,21.5,24.21,24.6,50.21,3.38,15.81,29.33,0.059,0,15.04
227,98.11,45.8,8.72,6.6,12.29,66.7,49.99,2.76,21.22,56.5,0.059,1,0.12
228,57.52,34.7,14.37,9.1,21.3,90.7,50.1,4.18,15.47,76.24,0.057,1,7.04
229,92.44,98.6,8.65,3.4,15.6,32.1,49.94,0.71,14.03,60.12,0.235,0,6.95
230,74.18,46.8,8.7,6.1,6.59,67.8,49.79,0.74,48.61,93.61,0.13,0,6.89
231,85.64,90.5,17.12,12.9,23.28,73.2,49.98,2.83,7.67,44.02,0.249,0,55.19
232,65.18,30.7,3.91,15.0,18.54,53.5,50.06,4.74,36.67,51.73,0.158,1,4.62
233,70.38,29.2,20.16,6.6,12.09,76.1,49.87,2.13,0.02,17.97,0.163,0,21.86
234,64.48,12.8,19.19,2.3,30.11,52.9,49.95,1.7,29.81,64.81,0.178,0,7.96
235,43.67,68.7,15.69,10.0,1.08,60.4,49.81,3.07,45.8,35.94,0.228,1,33.54
236,80.57,43.2,14.27,6.4,10.69,20.6,50.22,4.66,14.4,24.43,0.118,1,5.89
237,49.65,87.8,19.95,6.0,2.25,75.3,49.94,4.2,9.28,59.01,0.08,0,9.71
238,31.7,52.6,6.52,23.1,25.39,72.9,50.29,4.98,32.58,57.91,0.189,0,28.44
239,75.18,97.1,4.5,15.2,23.29,23.1,50.31,0.21,35.63,16.83,0.132,0,9.0
240,42.4,26.7,7.55,13.8,11.2,49.5,49.98,0.65,34.4,72.84,0.161,1,12.51
241,95.83,88.2,18.1,10.6,22.43,98.3,49.8,3.09,15.97,66.14,0.212,1,39.42
242,96.78,79.9,3.66,10.9,13.31,53.7,49.58,4.12,12.61,27.01,0.174,0,6.9
243,94.04,79.4,14.07,13.4,25.05,60.2,49.71,1.5,47.8,52.25,0.205,1,38.43
244,55.91,86.0,21.91,17.0,15.21,92.8,49.73,1.27,46.16,74.83,0.186,0,69.38
245,31.08,78.5,19.26,17.1,13.84,77.4,50.28,3.96,22.87,57.65,0.235,0,77.6
246,94.98,66.4,12.91,4.9,30.87,66.6,50.02,0.38,42.31,45.59,0.226,1,14.11
247,59.97,21.8,4.21,12.5,8.58,83.8,50.08,1.91,22.62,39.01,0.184,0,9.66
248,97.67,12.9,18.8,10.5,4.33,89.1,49.56,2.58,21.22,64.94,0.22,0,43.26
249,97.45,92.9,14.38,21.0,19.46,56.6,49.76,2.85,7.84,94.52,0.268,1,76.86
250,89.71,65.5,5.18,15.5,32.0,58.0,50.18,3.67,21.32,70.46,0.158,0,12.72
251,50.61,81.7,4.78,13.2,12.72,50.9,50.06,1.84,26.87,16.73,0.153,0,9.71
252,56.96,53.3,20.28,3.7,2.42,97.3,49.97,3.1,1.13,51.46,0.241,1,17.56
253,89.58,20.6,15.71,14.9,11.46,75.8,50.11,2.97,22.21,90.17,0.196,0,45.9
254,52.18,21.3,18.76,3.7,16.89,26.7,50.33,2.78,39.07,18.5,0.068,0,4.7
255,41.86,71.7,19.7,8.8,5.68,89.0,49.96,3.24,34.0,99.0,0.273,1,44.86
256,68.98,48.7,13.86,4.3,21.85,58.4,50.01,1.37,31.76,95.42,0.058,1,1.88
257,95.53,28.0,12.83,16.9,32.93,25.5,50.04,0.51,45.48,17.04,0.237,1,48.96
258,78.72,54.2,11.18,5.7,15.13,64.0,50.48,0.68,0.9,94.01,0.24,0,15.39
259,69.9,15.8,9.02,10.0,11.96,53.4,49.58,1.2,27.85,42.68,0.288,1,22.26
260,36.8,62.4,11.26,21.6,13.46,90.2,50.14,2.55,39.37,86.02,0.064,0,15.45
261,73.05,34.2,17.7,5.7,4.15,36.3,49.98,4.22,27.07,47.65,0.199,1,15.72
262,99.3,81.8,14.44,12.7,29.19,86.1,50.11,3.54,16.19,49.68,0.157,0,28.73
263,39.81,37.9,19.96,10.6,13.92,64.6,49.87,3.97,6.81,67.08,0.133,0,28.18
264,66.28,51.0,11.42,1.4,13.03,24.4,49.99,1.82,44.38,79.7,0.073,1,-3.08
265,91.42,11.0,14.53,19.2,21.91,97.7,50.14,2.08,23.54,13.04,0.191,0,53.3
266,81.85,16.5,14.99,2.6,14.81,61.0,50.62,2.03,43.91,63.38,0.17,0,6.59
267,78.79,45.3,14.24,11.9,21.53,43.3,50.16,1.04,29.29,26.81,0.076,1,9.8
268,79.17,53.2,16.35,13.9,2.4,57.6,49.83,0.4,33.71,41.14,0.203,0,46.15
269,55.16,64.0,7.51,15.5,26.93,88.6,49.92,3.0,40.21,41.32,0.234,0,27.22
270,50.55,36.2,12.73,16.8,31.06,44.4,49.91,4.95,32.96,52.22,0.242,0,51.86
271,86.66,72.5,4.98,6.8,21.55,35.4,49.64,0.92,19.9,40.07,0.276,1,5.76
272,86.71,87.4,10.31,1.2,31.52,30.3,49.93,0.33,25.68,19.66,0.152,1,1.45
273,90.7,80.2,12.27,17.6,5.34,43.8,50.15,3.92,40.15,23.11,0.288,1,60.39
274,93.93,13.6,15.39,13.3,15.96,82.4,49.75,1.34,18.68,13.01,0.266,1,49.69
275,65.79,53.2,21.06,20.2,20.02,57.7,50.21,4.17,19.41,52.32,0.124,1,48.84
276,65.11,19.4,14.41,19.9,19.36,38.2,50.1,3.55,4.78,95.9,0.09,1,24.95
277,85.88,31.8,17.13,20.4,13.49,33.3,49.85,4.73,45.73,20.41,0.159,1,54.11
278,75.5,98.8,12.62,12.2,11.42,46.6,49.97,2.1,4.55,95.16,0.15,1,21.44
279,79.14,22.8,15.05,8.7,4.53,95.2,50.32,3.34,32.41,76.0,0.194,0,25.31
280,85.71,54.9,4.35,19.2,13.17,47.4,50.15,2.38,20.66,67.37,0.196,0,16.35
281,92.3,65.6,7.83,11.4,5.7,99.0,50.0,3.19,20.28,68.07,0.237,0,21.17
282,53.66,73.2,9.88,5.2,24.34,58.8,49.95,2.3,33.98,84.41,0.177,0,9.15
283,56.29,60.4,11.98,20.7,7.21,34.3,50.02,1.02,3.35,19.62,0.076,1,14.81
284,36.58,10.9,3.87,21.3,2.31,91.3,49.9,2.59,29.69,55.43,0.265,0,21.79
285,70.48,39.4,5.66,11.7,18.41,56.8,49.58,2.69,38.6,72.74,0.127,0,8.46
286,32.52,56.6,8.26,2.7,19.8,76.8,50.41,4.07,41.41,62.81,0.293,0,6.63
287,62.59,17.9,21.46,9.9,28.82,98.7,50.03,3.7,8.53,84.95,0.079,0,16.92
288,67.99,41.6,9.3,19.5,19.21,24.0,50.08,3.35,44.87,16.5,0.29,0,52.44
289,50.06,13.0,12.16,21.7,11.66,27.7,49.99,0.66,32.81,72.16,0.073,1,16.34
290,71.36,17.1,6.73,5.7,26.58,77.6,49.85,3.63,44.09,58.06,0.108,1,0.88
291,32.14,45.7,14.6,2.5,18.01,42.5,49.96,2.55,24.26,44.12,0.062,0,2.29
292,32.61,21.9,8.33,21.2,2.98,34.7,49.68,4.48,27.1,40.62,0.226,0,39.93
293,87.58,61.1,6.93,10.0,18.85,23.1,50.46,4.61,45.95,65.87,0.263,0,18.12
294,55.21,72.1,12.81,13.5,30.0,21.7,49.75,0.37,45.0,90.19,0.159,0,27.34
295,38.89,82.1,3.1,23.3,13.32,82.0,49.79,4.12,22.41,54.66,0.282,1,16.06
296,66.56,28.0,3.15,2.5,10.06,30.8,49.91,0.28,13.72,84.23,0.198,0,1.57
297,83.9,25.1,7.16,15.9,5.08,57.4,50.26,1.9,19.66,46.19,0.208,1,21.33
298,45.11,19.4,3.7,2.7,5.34,68.5,50.0,2.76,19.39,19.22,0.261,0,2.61
299,73.6,67.3,5.05,9.6,14.51,54.3,49.75,0.83,14.34,15.54,0.124,1,5.3
300,35.97,73.6,9.44,19.5,19.82,22.2,50.25,3.76,13.43,14.62,0.139,1,20.7
301,33.62,12.8,18.25,11.0,3.03,82.7,50.15,0.14,43.05,44.21,0.276,1,53.33
302,67.19,94.3,13.87,23.9,31.03,20.8,50.11,0.93,3.49,40.35,0.275,0,91.37
303,67.84,14.7,12.74,13.9,25.02,81.0,50.14,2.95,33.88,74.61,0.294,0,51.93
304,74.62,58.7,8.58,8.4,19.52,91.5,50.48,3.6,8.64,76.85,0.275,1,17.07
305,80.83,73.8,20.7,6.1,27.41,54.6,50.44,4.59,17.23,14.58,0.082,0,10.27
306,98.31,88.4,10.54,9.1,3.01,62.8,49.86,3.56,3.08,29.9,0.256,0,24.45
307,66.14,74.3,4.65,9.6,15.94,58.2,50.32,3.39,13.5,34.68,0.152,1,3.89
308,52.61,82.2,14.72,2.6,20.94,51.1,50.08,2.03,38.42,59.29,0.298,0,11.31
309,85.66,40.6,5.16,9.5,27.41,91.0,50.1,0.11,44.25,23.01,0.168,1,7.99
310,48.96,83.3,9.56,11.7,25.94,91.5,49.66,0.69,11.08,22.05,0.188,0,21.04
311,60.73,17.2,12.64,17.6,9.43,46.9,49.97,2.72,23.18,94.94,0.182,0,40.64
312,35.49,90.5,19.61,16.1,31.07,69.2,49.84,3.41,23.52,82.38,0.13,1,39.75
313,31.77,59.3,12.38,17.3,4.45,94.2,50.17,2.15,43.68,26.26,0.069,1,11.59
314,97.39,83.6,16.34,1.2,28.93,97.0,50.21,3.68,38.14,46.59,0.274,1,2.51
315,88.52,50.7,21.86,6.0,32.05,60.7,49.59,2.66,25.65,42.01,0.251,1,29.86
316,78.72,67.9,5.5,16.2,6.18,56.2,50.0,0.46,33.54,81.19,0.085,0,7.57
317,58.63,57.4,8.22,12.1,23.94,42.3,50.22,1.04,42.37,55.92,0.244,0,24.35
318,42.13,75.8,10.5,1.1,1.71,96.7,49.96,4.22,0.48,21.51,0.206,0,2.43
319,40.95,17.3,11.01,19.5,13.62,31.4,50.15,3.65,20.14,76.51,0.152,1,32.03
320,47.52,15.4,10.81,18.8,17.23,66.4,50.07,4.48,45.36,45.72,0.114,0,23.04
321,68.45,32.2,20.24,13.6,19.33,42.6,50.07,0.68,37.02,33.66,0.265,0,73.02
322,80.02,24.4,16.57,2.5,30.91,42.3,49.95,4.95,27.14,43.79,0.225,0,9.43
323,76.21,88.5,14.55,18.6,22.32,52.4,49.76,1.13,26.48,54.8,0.187,1,49.79
324,49.6,29.7,8.88,14.4,16.09,99.9,49.78,0.16,17.39,40.88,0.202,1,21.56
325,96.84,97.8,18.65,19.0,26.8,24.4,50.14,4.99,26.03,31.77,0.073,0,25.77
326,81.65,40.3,21.15,18.3,31.39,66.3,50.0,1.48,32.77,45.87,0.168,0,65.16
327,68.8,26.4,18.6,19.5,1.12,26.6,49.97,3.37,20.92,11.73,0.098,1,33.61
328,72.82,81.1,3.03,12.9,32.43,32.4,49.92,0.97,35.71,79.52,0.102,1,2.68
329,59.37,69.3,15.09,4.2,3.21,55.2,49.94,2.94,43.06,25.39,0.215,1,8.84
330,47.34,54.8,3.97,16.4,26.95,60.8,50.21,4.53,7.73,13.95,0.278,1,14.15
331,54.92,60.0,7.89,15.3,9.54,40.7,49.93,1.67,22.58,68.83,0.151,0,18.2
332,83.05,74.7,4.13,18.1,4.71,45.3,49.73,3.38,20.4,79.65,0.102,1,3.37
333,31.01,30.6,14.47,4.9,14.74,27.0,50.15,1.02,34.37,83.24,0.212,0,15.07
334,38.13,99.7,16.05,5.5,21.39,44.3,49.96,3.16,12.49,54.42,0.268,1,22.08
335,33.22,97.7,5.18,21.5,12.82,97.3,50.01,1.75,32.01,28.48,0.237,0,26.35
336,32.85,68.5,10.29,18.2,2.18,95.6,50.32,1.13,43.87,76.35,0.267,0,50.19
337,89.88,28.0,11.67,21.9,19.94,46.8,50.0,1.63,20.91,72.97,0.184,1,46.48
338,79.26,71.2,10.01,18.5,29.82,65.7,50.06,0.98,45.55,32.16,0.238,0,43.96
339,63.19,16.5,5.3,14.7,12.89,92.8,49.76,4.52,49.66,91.31,0.085,0,6.64
340,36.85,12.8,10.96,16.0,7.45,20.5,49.96,2.05,5.3,19.39,0.137,0,24.1
341,64.41,33.2,17.27,21.4,14.83,84.9,50.12,1.3,11.65,98.44,0.147,1,49.63
342,63.14,51.6,4.35,14.3,1.98,95.9,49.69,2.3,47.52,87.42,0.178,1,10.69
343,42.12,88.1,4.52,15.5,27.15,27.3,50.04,1.67,47.92,71.91,0.282,1,17.48
344,60.37,75.4,9.74,4.6,27.34,32.9,50.02,3.75,4.89,94.49,0.269,0,12.03
345,57.9,76.8,20.89,11.9,19.57,96.9,50.01,4.86,0.75,75.01,0.084,0,20.79
346,73.11,48.3,15.7,17.5,11.91,63.0,50.21,2.25,8.06,27.14,0.093,0,25.58
347,74.46,41.1,15.89,7.2,26.47,21.1,50.07,4.32,49.8,49.79,0.139,0,16.02
348,33.17,43.4,9.88,5.7,18.48,40.6,50.3,2.87,9.0,16.44,0.123,1,4.58
349,56.22,98.9,14.28,8.2,27.33,56.0,49.8,0.87,25.13,45.07,0.204,0,23.9
350,73.81,13.6,3.19,6.6,20.99,75.4,50.03,3.48,42.42,76.74,0.276,0,5.77
351,65.22,88.0,15.09,5.9,25.97,78.7,50.02,2.62,1.02,44.78,0.291,0,26.05
352,89.95,62.1,20.35,10.8,19.91,99.6,49.79,3.29,30.22,39.73,0.213,1,42.17
353,76.11,49.5,14.64,21.9,13.9,43.0,50.19,4.46,13.85,63.58,0.26,0,83.13
354,41.41,75.3,19.6,12.7,31.63,63.1,50.46,2.26,43.12,88.5,0.181,1,40.05
355,34.94,53.8,16.76,5.3,18.04,62.7,50.0,4.52,14.17,14.28,0.102,1,5.75
356,74.97,88.6,5.29,2.8,20.13,52.5,50.1,3.78,34.34,44.69,0.181,0,2.66
357,31.86,91.1,20.15,17.0,7.59,33.5,50.02,2.49,33.71,24.24,0.189,0,64.7
358,71.0,48.0,4.26,9.8,20.8,98.2,49.86,3.06,11.07,72.58,0.236,0,9.85
359,95.82,34.9,13.15,19.9,19.03,88.3,49.64,1.7,1.74,19.52,0.105,0,27.46
360,70.28,63.3,5.7,16.2,6.43,59.9,49.86,4.92,20.46,69.83,0.142,1,12.53
361,57.17,92.1,3.22,19.3,2.34,68.3,49.72,3.37,14.46,35.76,0.141,1,8.21
362,75.03,29.0,11.02,7.3,20.1,38.2,50.34,0.31,40.45,27.9,0.29,1,21.43
363,62.08,66.1,8.61,16.9,25.3,63.5,49.98,1.7,40.02,94.27,0.161,1,19.63
364,68.19,66.8,12.23,7.1,17.46,75.6,49.93,3.15,22.85,11.67,0.239,1,17.62
365,95.9,76.0,13.97,22.6,7.79,61.2,50.18,0.38,30.33,49.4,0.238,1,74.51
366,57.03,21.8,3.83,15.6,22.13,99.2,49.78,0.22,30.21,11.95,0.116,1,2.71
367,97.28,74.4,5.34,8.5,3.01,68.9,49.85,2.31,41.36,53.52,0.193,1,5.71
368,93.37,91.8,13.61,7.2,14.8,49.7,50.01,1.73,21.25,55.09,0.274,1,22.01
369,43.71,26.2,9.52,5.4,5.73,81.8,50.21,2.25,13.77,38.95,0.169,1,5.31
370,34.86,31.4,16.85,17.0,6.41,33.6,50.1,1.39,13.25,21.89,0.286,0,81.91
371,37.05,97.4,15.39,6.0,6.99,50.8,50.05,0.91,26.81,43.87,0.104,0,9.62
372,31.28,26.3,19.07,14.7,13.01,47.8,50.02,3.48,22.46,70.5,0.069,0,19.2
373,36.61,86.9,16.16,7.1,2.07,54.5,50.08,2.62,22.01,80.42,0.273,1,31.1
374,77.81,54.3,11.17,16.2,13.37,82.5,50.04,1.08,4.56,57.77,0.262,0,47.46
375,34.98,32.3,15.79,19.7,17.08,58.7,49.79,1.67,35.93,63.09,0.298,1,92.28
376,52.33,88.4,8.23,18.9,16.16,83.5,50.01,3.0,10.69,28.06,0.22,1,32.94
377,89.14,50.1,8.82,18.5,12.88,66.1,49.79,0.45,9.85,35.86,0.284,0,46.37
378,31.63,56.3,17.99,5.3,27.76,47.4,50.02,0.82,20.64,24.57,0.257,1,22.12
379,87.01,42.3,11.48,3.0,5.14,84.8,49.9,0.46,11.39,32.44,0.261,0,9.09
380,49.73,63.4,18.17,17.1,16.89,39.1,50.51,4.08,29.19,30.24,0.192,1,56.29
381,38.27,24.7,18.63,9.5,2.42,38.0,49.99,3.79,18.57,56.75,0.146,1,22.71
382,78.77,45.2,19.29,10.9,2.72,60.4,49.72,3.79,22.45,60.64,0.284,0,59.89
383,74.03,97.2,20.42,1.7,19.11,40.9,49.97,3.61,26.86,95.05,0.158,0,5.54
384,91.42,33.2,11.19,7.0,18.85,20.7,50.1,3.38,10.18,27.6,0.185,0,14.4
385,81.45,69.1,9.06,1.8,29.02,71.9,50.33,2.44,7.79,67.75,0.162,0,2.6
386,86.24,39.3,14.06,21.2,18.59,60.9,49.88,3.25,44.02,83.55,0.191,0,57.06
387,49.74,79.6,10.05,6.6,31.69,55.6,49.68,0.29,21.69,60.42,0.168,0,11.12
388,42.42,21.8,14.42,13.8,1.99,97.4,50.16,3.15,20.6,32.95,0.062,1,9.21
389,82.54,97.3,16.41,1.9,3.6,65.7,49.72,3.91,1.78,33.63,0.271,1,5.68
390,86.48,50.8,16.08,16.3,1.84,89.1,49.91,2.55,24.9,13.53,0.161,1,41.16
391,99.34,31.2,10.12,8.4,6.44,31.2,49.95,1.85,27.71,37.49,0.197,1,15.1
392,58.88,16.6,6.17,21.7,18.05,65.5,49.99,1.46,27.94,77.01,0.085,0,11.33
393,56.04,25.3,11.18,21.4,21.45,89.4,50.14,3.25,35.35,14.28,0.051,1,7.88
394,84.35,56.8,5.71,8.5,1.89,66.6,49.86,3.49,8.87,29.74,0.111,1,1.62
395,53.86,40.3,19.91,21.7,31.24,77.4,49.95,4.37,12.61,73.56,0.226,0,97.81
396,95.15,84.6,9.57,23.9,27.85,49.8,50.0,1.78,40.54,80.44,0.075,1,15.31
397,90.09,48.8,5.93,20.0,10.07,27.4,50.03,3.87,47.36,50.98,0.277,0,32.88
398,60.03,32.4,3.48,20.4,2.92,56.6,50.02,2.85,6.8,72.83,0.104,0,7.38
399,82.56,65.5,15.27,6.7,5.94,51.6,50.09,4.43,24.88,44.92,0.101,0,10.39
400,82.82,73.6,15.1,14.3,4.54,89.4,50.17,2.69,10.71,24.39,0.095,1,15.6
401,37.22,25.0,9.47,2.5,4.42,39.5,50.08,2.64,3.0,45.83,0.053,0,1.29
402,93.18,25.1,4.36,3.2,17.31,97.3,50.09,2.93,16.28,62.2,0.243,1,-0.03
403,65.37,13.3,10.78,24.0,8.41,96.7,49.68,3.77,7.18,95.32,0.269,1,69.29
404,87.85,76.3,8.91,8.5,12.08,39.8,50.01,4.83,35.5,16.19,0.204,1,12.42
405,52.4,69.7,15.87,18.2,32.66,47.8,50.1,0.46,26.69,55.67,0.097,0,28.04
406,92.69,52.7,14.51,19.6,22.71,91.6,50.15,0.36,7.19,39.6,0.121,0,34.42
407,57.24,86.0,9.93,20.7,31.34,97.3,49.86,4.69,0.46,55.75,0.169,0,34.78
408,30.76,82.5,7.14,23.9,5.05,55.5,49.87,2.7,40.41,12.16,0.289,1,44.89
409,93.38,62.7,21.77,6.6,12.86,45.7,49.89,3.11,8.81,38.17,0.112,1,13.21
410,36.39,88.1,11.63,1.9,18.48,62.1,50.11,2.46,30.31,83.79,0.233,0,5.22
411,52.35,28.5,16.08,10.5,2.9,75.0,50.21,0.56,16.85,59.85,0.16,1,26.51
412,96.5,20.1,5.67,4.0,0.54,41.9,49.92,3.86,29.27,50.55,0.124,0,2.82
413,96.54,34.3,12.23,1.5,22.26,78.9,50.18,3.76,15.78,35.7,0.164,0,3.04
414,70.14,15.1,3.52,9.3,21.32,24.1,50.02,1.63,4.35,36.82,0.068,1,-0.85
415,74.23,57.8,12.6,19.0,13.79,23.9,49.98,1.6,11.15,44.48,0.25,1,57.32
416,61.39,94.3,21.32,14.0,16.36,50.9,49.96,4.21,9.4,85.2,0.111,0,33.13
417,50.52,13.5,10.3,8.2,13.94,48.3,50.15,0.45,21.4,97.05,0.231,1,16.56
418,53.01,21.0,3.74,16.0,1.18,45.3,50.07,4.42,32.91,49.48,0.067,0,4.03
419,77.08,50.7,3.59,6.3,11.33,59.3,50.46,1.36,13.19,45.4,0.289,0,6.57
420,82.67,94.0,10.37,1.3,6.17,45.7,49.83,3.01,0.6,86.19,0.098,1,-1.59
421,85.41,38.5,6.04,18.6,3.61,35.4,50.1,4.69,25.95,48.42,0.271,0,30.38
422,85.27,55.7,3.44,15.3,31.59,44.8,49.89,3.42,30.29,59.68,0.252,1,11.09
423,36.38,13.7,17.37,18.5,19.94,98.0,49.83,2.13,48.14,30.78,0.292,0,93.98
424,64.61,23.4,11.71,1.9,24.15,52.9,50.0,3.48,29.47,76.92,0.169,1,2.95
425,34.03,98.8,8.5,20.3,10.68,55.6,50.03,1.79,23.56,57.88,0.232,1,38.43
426,68.47,96.9,20.1,15.2,13.22,66.1,50.58,1.46,28.67,82.81,0.143,0,43.74
427,60.91,10.4,5.21,14.0,8.12,98.7,49.96,4.98,46.4,80.27,0.096,1,5.41
428,92.14,95.7,21.16,15.4,3.56,39.3,49.77,3.78,41.42,29.35,0.161,1,48.32
429,54.56,67.5,8.97,20.9,6.24,74.5,50.05,3.26,16.15,74.41,0.091,0,17.12
430,38.19,88.1,19.88,14.5,26.4,77.3,49.59,1.84,11.86,82.0,0.296,1,81.37
431,40.01,50.9,14.46,14.4,22.49,68.6,49.98,0.34,13.13,41.15,0.074,0,15.38
432,83.31,56.4,18.71,23.8,18.23,27.1,50.0,0.25,25.22,25.53,0.197,1,87.73
433,73.28,54.0,21.7,18.4,15.89,74.1,50.16,2.82,37.2,10.24,0.207,0,82.5
434,37.08,70.0,8.48,11.2,30.47,25.1,50.19,3.83,25.16,50.58,0.185,0,17.48
435,35.89,22.6,21.26,17.3,2.77,67.7,49.9,2.73,3.39,41.72,0.216,0,79.15
436,79.07,12.7,10.4,10.0,9.55,79.2,49.97,4.22,36.18,59.94,0.079,0,8.18
437,35.09,37.7,10.32,6.3,11.81,36.9,49.85,0.26,40.3,26.92,0.189,1,9.12
438,87.53,73.4,9.47,14.7,25.91,87.3,49.77,1.9,14.47,87.37,0.122,0,16.98
439,79.44,28.2,13.29,22.3,32.76,22.4,50.06,1.26,33.21,33.2,0.285,1,79.68
440,35.69,70.6,5.93,22.4,8.25,87.5,49.75,2.29,21.33,30.38,0.241,0,31.9
441,35.94,97.3,13.52,8.9,28.9,56.8,49.92,0.45,44.46,53.26,0.293,1,31.95
442,99.06,18.5,13.29,13.1,27.48,37.4,49.8,4.78,42.26,54.9,0.059,0,10.37
443,56.2,70.5,17.48,5.9,7.72,30.7,50.11,1.19,26.27,29.36,0.121,1,9.98
444,55.94,49.9,18.84,23.9,13.42,96.3,50.36,4.62,34.58,34.47,0.099,1,41.1
445,86.9,88.1,11.37,23.6,13.76,25.8,49.74,2.19,44.17,25.27,0.053,0,14.14
446,96.31,25.9,8.74,15.9,32.29,35.9,49.63,4.93,24.79,74.66,0.111,0,15.41
447,99.02,72.3,7.93,19.5,6.3,47.8,49.98,2.81,15.66,79.31,0.22,0,33.96
448,82.74,85.4,6.7,17.4,26.45,69.6,50.0,4.66,37.68,51.61,0.108,1,12.23
449,56.34,95.0,4.1,14.6,11.29,63.6,50.04,0.13,11.0,74.27,0.177,1,9.65
450,35.85,71.5,9.51,2.2,24.23,30.1,49.91,3.77,19.43,76.23,0.272,1,3.33
451,84.4,54.7,8.13,11.5,14.09,43.2,49.96,4.52,43.29,22.44,0.223,1,16.91
452,69.09,65.6,21.36,16.5,19.25,39.1,50.07,0.78,36.22,96.96,0.149,0,52.46
453,59.7,88.2,13.6,16.6,27.54,37.1,50.21,0.57,20.19,83.89,0.143,0,32.27
454,93.44,61.4,9.6,9.6,26.62,52.9,49.61,2.18,10.74,28.4,0.164,0,15.08
455,37.78,12.7,14.03,22.7,28.65,76.3,49.93,4.68,17.8,26.75,0.094,0,29.96
456,64.48,93.8,5.64,4.8,2.34,37.4,50.04,2.76,14.21,21.31,0.209,1,4.35
457,30.79,72.1,11.44,12.5,22.96,49.3,49.82,2.68,8.8,22.45,0.141,1,17.1
458,62.81,70.9,14.9,16.9,4.96,51.3,50.35,0.79,37.17,77.33,0.263,0,66.2
459,33.94,29.4,12.29,17.0,13.96,98.1,49.87,0.1,12.6,52.27,0.239,1,49.5
460,38.32,69.3,10.63,15.9,18.28,96.4,49.99,4.07,22.71,80.46,0.203,0,34.3
461,38.23,45.4,21.88,7.3,13.53,84.0,50.11,0.53,19.29,77.16,0.141,1,20.26
462,75.44,68.6,19.73,4.6,17.34,39.3,49.88,3.21,49.1,64.42,0.102,1,4.44
463,82.22,19.6,14.84,15.6,32.89,25.4,49.63,4.58,19.55,71.77,0.244,1,52.75
464,70.84,69.2,13.82,14.8,4.81,45.4,49.91,1.12,4.0,11.65,0.172,1,30.56
465,97.35,99.9,14.79,5.1,22.42,41.3,50.21,3.36,4.49,38.06,0.106,1,6.38
466,56.24,14.3,6.82,17.2,13.31,60.5,49.93,0.49,29.54,67.4,0.099,1,6.65
467,50.0,97.9,10.51,11.5,4.74,82.2,49.83,3.06,29.97,10.84,0.091,0,11.01
468,90.8,46.6,3.75,16.4,5.57,88.7,50.19,0.9,20.94,12.97,0.244,1,14.72
469,45.65,88.4,12.04,20.3,31.35,87.6,49.93,3.71,21.59,86.67,0.107,0,26.15
470,97.43,80.4,13.32,4.9,29.08,48.8,49.9,1.58,2.7,71.56,0.182,0,11.86
471,30.85,61.0,7.33,1.4,29.97,75.0,50.03,2.37,25.83,33.88,0.163,0,1.72
472,97.89,76.5,21.32,18.9,32.72,45.0,50.15,3.04,25.24,71.92,0.195,0,78.6
473,33.02,89.1,20.28,15.0,7.19,24.9,50.48,0.94,7.48,81.32,0.269,0,82.04
474,92.38,46.4,16.72,17.1,11.99,76.1,50.17,3.73,5.19,37.61,0.267,0,76.29
475,66.94,39.4,13.13,20.3,22.22,20.8,50.23,1.58,6.18,13.24,0.163,1,42.3
476,99.51,70.1,19.53,19.5,16.17,52.7,49.9,3.35,5.05,93.95,0.054,1,15.62
477,35.17,82.7,5.48,23.1,14.04,46.4,49.79,0.88,30.49,41.07,0.157,1,16.5
478,68.77,78.6,18.02,13.3,12.06,75.5,50.01,3.47,9.82,19.58,0.202,0,48.4
479,97.85,81.8,5.37,12.2,19.76,81.3,50.02,0.73,12.57,54.27,0.189,0,12.45
480,66.62,49.2,18.09,10.2,19.16,44.3,49.78,2.18,8.68,79.16,0.213,0,39.44
481,74.06,83.6,8.24,4.5,5.66,84.9,49.96,1.31,47.89,29.95,0.089,1,-0.68
482,78.7,20.8,19.66,14.2,15.78,43.5,50.08,3.77,42.73,34.25,0.212,1,55.99
483,61.82,59.0,20.94,7.4,18.44,55.7,50.07,1.38,11.52,31.84,0.096,1,13.19
484,73.93,10.5,5.83,22.2,18.99,78.2,50.1,4.42,16.38,99.25,0.238,0,30.73
485,70.9,39.2,11.79,14.4,7.25,75.4,50.06,4.47,10.49,27.77,0.135,0,22.9
486,93.08,43.0,21.64,14.6,24.6,99.0,49.9,1.06,24.59,61.8,0.227,0,72.04
487,33.18,45.7,12.18,9.2,1.22,38.0,49.9,3.11,0.98,93.27,0.062,1,2.01
488,49.67,72.6,19.41,2.2,11.97,73.0,49.76,0.53,33.57,23.22,0.152,0,6.48
489,96.53,45.0,14.19,1.7,25.83,68.8,50.36,2.02,26.16,97.38,0.226,0,5.55
490,92.32,50.4,10.13,10.7,18.78,93.2,50.0,3.6,44.93,95.27,0.107,0,11.61
491,61.9,31.4,8.43,2.9,8.91,32.5,49.96,3.33,8.22,89.61,0.249,0,6.18
492,73.41,43.6,6.86,15.0,23.06,80.1,49.81,3.16,40.21,29.31,0.208,1,19.46
493,49.42,30.5,17.47,21.3,18.9,65.5,50.59,1.48,39.6,67.06,0.197,1,72.96
494,43.17,16.6,10.34,21.3,26.36,42.0,49.79,1.95,6.36,78.48,0.138,0,30.5
495,62.46,64.3,12.71,16.2,24.36,58.0,49.91,0.6,19.93,98.74,0.171,0,35.05
496,54.73,70.1,12.35,5.9,20.29,46.7,50.08,3.62,8.51,26.24,0.199,1,13.83
497,70.86,65.8,13.97,20.8,16.31,66.3,50.12,2.57,12.74,78.94,0.168,1,44.34
498,35.44,51.7,19.45,21.4,4.74,91.1,50.19,3.57,13.16,40.49,0.225,0,93.37
499,98.21,44.2,21.63,5.5,8.92,65.5,50.36,1.32,27.81,25.81,0.158,1,14.28
500,99.03,87.7,10.74,18.0,14.06,70.5,50.1,1.69,20.57,47.92,0.101,1,15.87
501,78.87,56.7,18.72,7.6,19.94,61.5,49.79,1.74,47.39,81.45,0.103,0,14.71
502,67.53,53.1,17.53,19.5,17.15,24.1,49.95,0.23,6.32,51.84,0.051,1,15.59
503,51.67,12.3,13.9,23.9,9.79,38.6,50.06,1.77,48.68,58.38,0.125,1,37.96
504,86.97,40.7,21.16,1.7,0.61,59.4,50.41,4.04,11.53,99.56,0.237,1,5.48
505,77.93,44.2,6.81,21.6,16.58,44.8,49.72,4.5,38.64,45.92,0.249,1,33.26
506,41.38,45.9,5.08,15.3,9.71,34.5,50.24,2.64,16.95,65.39,0.101,0,7.82
507,93.76,62.2,19.23,23.4,24.35,60.3,50.04,2.33,7.15,42.87,0.29,1,127.85
508,87.58,58.0,11.34,11.7,1.18,45.8,50.17,0.25,42.89,45.35,0.176,1,18.35
509,96.49,64.7,19.09,20.5,19.47,40.6,49.98,4.41,15.44,72.61,0.279,0,109.24
510,80.8,78.8,19.97,2.4,31.09,57.1,49.83,0.16,32.94,94.41,0.227,1,8.93
511,72.94,83.2,4.19,8.7,6.09,30.7,50.15,4.73,28.32,58.81,0.231,0,8.41
512,59.28,74.6,19.79,2.5,15.78,94.2,50.13,2.5,23.59,79.16,0.071,0,3.58
513,95.29,96.0,11.52,23.4,3.38,89.4,50.19,1.78,24.79,18.03,0.105,1,24.52
514,90.62,11.6,12.7,19.8,20.8,76.6,50.0,4.63,36.61,29.0,0.052,1,11.66
515,33.17,27.6,14.91,20.6,18.35,28.5,49.88,0.22,4.39,55.19,0.229,1,69.95
516,31.85,10.7,20.6,22.6,13.68,82.1,49.69,2.95,33.41,11.8,0.136,1,63.24
517,56.35,68.3,3.36,3.0,17.4,84.6,50.16,2.79,44.79,32.76,0.247,1,0.32
518,86.74,90.8,12.06,9.9,29.63,81.4,50.08,1.17,2.89,56.57,0.135,0,16.04
519,99.11,31.9,16.07,2.6,6.8,29.1,49.81,2.2,7.03,11.35,0.255,1,5.84
520,40.53,93.4,16.73,5.8,1.14,71.5,49.89,3.3,35.83,33.81,0.083,0,8.09
521,71.59,15.4,16.16,6.3,28.49,86.7,49.91,3.66,21.86,56.26,0.093,1,8.18
522,56.66,94.1,5.55,11.8,19.21,66.2,49.7,0.1,20.18,61.58,0.135,0,8.85
523,97.89,41.6,8.69,7.2,29.44,71.7,49.84,4.69,6.85,93.32,0.152,1,7.03
524,88.95,19.1,9.82,3.3,19.86,56.7,49.77,0.91,25.34,68.08,0.137,1,1.48
525,88.68,53.7,18.28,4.9,26.81,62.3,49.92,1.24,6.33,47.33,0.241,1,20.9
526,62.81,33.1,8.3,4.4,14.41,22.8,49.85,1.39,23.83,93.73,0.074,1,0.79
527,59.04,35.6,7.0,23.4,24.85,71.1,49.67,0.29,38.18,80.64,0.138,1,17.84
528,49.14,37.7,21.19,18.5,30.17,26.5,50.4,0.7,12.91,28.0,0.259,0,101.46
529,33.95,82.3,3.17,23.3,19.05,54.8,50.25,4.93,24.04,21.78,0.067,1,3.19
530,90.53,58.5,21.96,11.1,6.29,43.4,49.84,1.64,49.6,70.82,0.286,1,66.57
531,86.9,38.0,15.86,7.4,9.16,63.6,50.05,0.66,34.33,60.39,0.297,1,30.27
532,99.98,64.9,18.74,19.4,6.88,30.7,50.08,0.62,42.07,81.07,0.072,0,26.18
533,99.76,74.5,8.6,8.5,8.45,75.3,50.24,3.63,20.74,76.49,0.123,1,6.45
534,68.88,34.5,3.27,7.9,10.39,83.6,49.84,4.29,38.39,66.27,0.143,0,3.69
535,83.83,47.2,17.02,6.3,18.5,33.1,50.22,1.36,2.03,98.77,0.244,1,25.51
536,96.13,21.0,18.85,4.0,19.57,28.3,49.89,0.2,6.15,58.02,0.199,0,14.94
537,89.48,26.3,17.07,6.9,14.3,31.6,49.73,1.19,10.15,20.18,0.211,1,21.78
538,47.31,71.3,5.71,9.2,20.46,90.2,50.14,0.38,20.1,84.54,0.239,1,9.15
539,61.54,26.3,17.32,16.5,3.06,62.3,50.26,0.61,42.29,32.67,0.079,0,22.71
540,39.04,57.3,17.61,2.4,3.26,57.4,50.52,2.21,17.31,79.96,0.258,1,9.52
541,96.78,73.8,15.51,5.8,6.0,28.5,49.76,1.23,32.73,96.14,0.226,0,20.52
542,72.43,19.6,17.56,19.6,17.29,72.0,50.14,2.63,35.47,72.71,0.194,1,65.82
543,46.0,61.1,19.07,4.4,7.38,89.4,49.92,1.34,29.31,63.64,0.272,1,20.66
544,77.02,33.1,14.66,8.9,9.64,86.3,50.16,4.71,17.86,51.43,0.225,0,29.3
545,73.27,96.7,4.68,20.9,13.45,70.1,49.71,4.54,28.85,42.8,0.1,1,9.78
546,55.07,53.5,12.26,4.6,26.87,26.0,49.75,2.88,17.11,41.77,0.157,0,8.81
547,37.95,82.5,4.48,2.9,0.85,29.0,49.84,1.84,4.19,67.27,0.174,0,2.25
548,77.01,59.5,10.74,12.1,21.57,23.9,50.02,1.97,49.64,77.61,0.064,1,3.48
549,66.42,13.9,10.74,8.0,22.21,40.6,49.87,2.12,6.36,71.07,0.289,1,23.95
550,84.06,67.0,4.25,14.0,26.44,30.9,50.13,3.67,3.62,27.86,0.082,1,1.94
551,66.41,95.6,9.63,19.5,30.81,40.8,50.21,2.31,43.93,54.46,0.224,0,42.09
552,89.65,64.1,5.11,4.2,1.06,50.8,50.12,4.3,15.09,81.25,0.177,0,3.75
553,68.63,83.7,18.36,14.4,5.41,95.4,50.32,4.73,32.51,52.81,0.056,1,10.95
554,69.27,89.6,21.01,12.6,29.29,68.8,50.08,1.75,16.45,58.3,0.281,0,74.58
555,91.37,30.5,4.37,4.3,15.35,86.8,49.76,2.85,19.57,79.4,0.263,0,4.96
556,58.24,29.1,21.15,15.4,18.81,76.8,50.27,0.57,13.11,69.51,0.181,0,58.78
557,39.38,65.0,12.93,7.3,22.01,29.0,49.88,1.08,17.15,46.84,0.107,0,10.11
558,32.01,47.0,8.69,12.2,22.54,78.9,50.18,2.13,20.54,90.59,0.08,1,3.61
559,82.86,85.6,4.46,2.9,30.77,42.0,50.31,1.11,36.02,24.63,0.141,1,-2.59
560,73.42,91.0,12.51,11.6,32.9,71.1,50.09,4.4,25.58,99.6,0.114,1,11.7
561,79.29,41.8,18.1,8.0,23.88,47.3,49.7,0.88,47.18,20.7,0.177,0,25.73
562,44.91,31.3,16.43,19.9,9.76,99.8,49.82,2.33,2.09,11.35,0.292,0,95.44
563,39.55,80.2,3.95,2.3,29.08,41.1,50.26,3.07,25.15,90.1,0.194,0,1.77
564,31.02,34.7,4.39,10.6,2.0,42.3,49.97,3.49,29.21,32.05,0.272,0,12.7
565,54.54,84.0,10.65,11.5,7.93,94.5,50.02,1.98,46.01,75.67,0.213,1,22.2
566,71.29,48.1,8.61,17.7,29.65,22.0,50.15,4.36,2.46,82.99,0.169,0,25.69
567,57.46,70.1,7.42,14.2,8.75,75.7,50.14,2.88,28.67,87.31,0.264,0,27.78
568,60.62,18.6,8.34,16.3,7.59,78.0,50.06,2.25,42.68,99.24,0.168,1,21.26
569,93.29,66.1,18.27,18.9,4.9,86.9,49.96,0.43,12.1,36.46,0.267,1,90.39
570,54.38,50.7,20.66,20.8,28.41,98.0,49.94,2.38,43.81,73.92,0.123,1,49.57
571,65.98,62.8,10.7,8.2,16.7,98.0,50.17,4.12,0.95,20.39,0.082,0,7.23
572,84.86,25.1,20.22,13.4,22.4,25.2,50.11,3.11,36.62,46.61,0.264,0,71.33
573,57.76,76.3,9.11,20.3,8.19,85.7,49.95,4.18,46.66,86.32,0.197,0,36.44
574,73.55,87.7,12.05,23.8,25.11,71.7,50.22,2.52,32.86,43.09,0.272,0,77.96
575,90.37,29.5,7.29,21.5,25.18,71.8,49.97,0.68,21.95,63.2,0.284,0,44.53
576,96.47,18.6,15.17,9.5,10.59,30.3,49.83,0.17,2.24,55.34,0.063,0,9.18
577,40.3,12.1,21.6,5.5,13.79,72.0,49.85,1.59,46.01,68.14,0.175,1,17.5
578,94.86,67.8,14.47,12.3,7.24,98.6,49.8,3.52,23.51,97.56,0.144,0,25.49
579,64.45,64.6,9.8,18.1,32.24,92.9,49.95,3.97,1.45,15.02,0.206,1,35.27
580,48.08,59.2,15.31,12.3,21.45,55.1,50.25,1.55,34.49,61.66,0.248,1,45.25
581,62.14,30.9,5.34,12.1,30.87,23.2,49.84,2.53,24.09,87.67,0.12,1,5.08
582,98.6,45.2,19.88,20.3,10.29,49.0,50.04,2.16,6.22,53.32,0.189,0,76.29
583,64.48,63.5,12.56,9.3,25.89,86.1,49.87,2.11,10.71,17.07,0.227,0,26.57
584,53.01,54.7,11.54,20.8,25.37,76.1,49.95,1.23,3.22,60.45,0.084,1,16.17
585,74.34,98.9,14.13,10.4,22.95,56.7,49.7,0.77,28.71,39.89,0.254,0,37.1
586,46.81,22.3,14.87,8.5,31.88,24.4,49.96,1.06,31.1,23.94,0.202,0,25.62
587,35.31,72.6,4.36,11.4,13.23,54.2,49.96,0.37,25.29,86.41,0.287,1,10.47
588,39.02,46.4,15.97,18.5,4.66,57.5,50.11,1.07,40.86,56.94,0.135,0,39.93
589,38.96,48.5,7.6,3.9,22.3,94.3,50.04,0.15,43.05,93.99,0.077,0,2.28
590,40.63,74.6,16.57,5.5,24.18,71.3,49.76,3.17,30.78,82.54,0.177,0,16.14
591,39.72,72.3,18.63,22.9,19.15,44.9,50.22,1.65,0.64,72.37,0.071,0,30.46
592,74.86,99.2,18.28,5.0,7.14,62.0,50.04,4.87,34.76,10.45,0.292,1,26.15
593,42.73,21.6,13.5,14.1,16.85,25.3,50.04,1.05,20.9,48.5,0.06,1,7.17
594,54.2,19.4,12.88,14.3,10.58,97.8,50.0,1.79,28.28,27.77,0.238,0,43.99
595,92.78,75.2,5.71,12.3,14.34,48.8,49.9,1.85,32.45,91.97,0.181,0,12.7
596,63.18,62.1,17.73,15.8,21.43,58.2,50.04,0.14,17.51,25.71,0.142,0,39.9
597,76.73,34.7,8.16,6.3,24.69,48.4,50.1,4.21,45.85,35.75,0.066,1,3.16
598,42.06,17.1,12.44,13.7,7.97,74.6,49.65,0.26,6.7,56.52,0.206,0,35.05
599,43.46,17.7,8.4,9.6,13.61,73.0,49.89,4.71,33.58,33.7,0.196,0,15.77
600,32.86,90.5,5.54,16.2,9.17,77.2,49.95,4.47,0.22,28.89,0.12,1,9.38
601,41.83,27.3,14.96,4.2,6.88,41.5,50.05,2.72,46.23,63.92,0.278,0,17.64
602,49.5,39.1,4.03,14.1,25.94,45.3,50.24,2.76,5.63,18.0,0.126,1,3.43
603,42.39,30.4,17.22,5.3,30.04,30.0,49.85,3.3,4.74,15.24,0.162,0,14.72
604,36.21,41.9,9.03,7.4,12.47,72.4,49.9,2.0,16.65,43.5,0.186,1,8.87
605,38.44,16.2,3.0,6.0,24.89,23.2,49.9,3.27,18.68,74.86,0.075,0,1.36
606,62.25,56.7,12.71,5.2,29.64,67.8,49.84,0.32,10.72,59.93,0.283,0,18.73
607,44.44,16.1,3.89,20.0,27.98,89.6,49.93,0.36,29.26,48.06,0.144,1,9.61
608,55.5,82.0,8.25,7.6,6.36,91.3,50.15,2.34,22.15,60.92,0.07,1,1.51
609,65.24,31.0,16.43,22.3,31.58,55.9,49.79,2.79,1.71,42.89,0.147,1,51.36
610,78.33,58.6,4.19,23.3,12.68,56.7,50.09,4.45,15.98,94.25,0.2,1,17.09
611,32.75,89.2,18.95,14.1,11.46,26.2,49.66,0.61,40.52,14.94,0.178,1,45.52
612,85.96,68.6,3.07,4.3,2.44,73.7,49.89,4.13,34.49,70.61,0.224,0,2.95
613,73.95,58.0,7.69,9.6,16.25,85.7,49.93,1.13,36.24,90.22,0.064,1,0.94
614,35.72,39.2,17.08,19.3,3.95,39.6,50.33,2.03,34.91,82.35,0.121,1,37.77
615,91.15,40.0,9.01,9.4,8.5,53.7,49.95,1.65,15.55,26.56,0.255,1,16.9
616,94.46,70.3,4.94,3.0,10.73,87.1,49.56,2.06,4.98,36.63,0.07,1,-0.27
617,34.28,99.5,9.84,13.8,26.77,90.2,49.6,0.84,13.62,74.53,0.264,0,35.86
618,49.38,69.6,8.14,20.4,28.94,39.5,50.01,2.57,41.59,17.58,0.073,0,12.14
619,86.43,60.2,19.01,19.3,10.26,64.0,50.12,4.03,49.02,83.07,0.259,0,94.92
620,82.38,75.8,8.95,5.0,28.39,35.4,50.08,2.26,24.69,74.7,0.14,0,6.31
621,42.92,51.9,17.99,16.5,28.35,28.2,50.03,2.5,0.49,75.66,0.203,0,60.18
622,44.65,15.4,19.95,6.1,25.33,92.9,50.23,4.26,7.0,19.02,0.088,1,8.88
623,55.93,60.6,11.24,6.0,5.18,85.6,49.89,3.56,16.1,74.6,0.067,0,4.5
624,63.92,96.2,20.29,21.1,22.9,80.8,50.18,2.5,28.93,71.18,0.104,0,44.52
625,73.28,25.8,10.17,6.7,31.21,23.9,49.67,1.36,3.75,84.78,0.082,1,2.94
626,55.82,72.1,21.32,7.1,22.65,87.5,49.82,4.44,47.17,13.74,0.128,1,18.11
627,62.38,28.1,4.7,1.0,11.21,55.0,49.64,2.93,18.25,12.08,0.179,0,0.85
628,82.32,58.2,16.05,21.0,16.72,47.4,49.95,1.18,45.63,43.57,0.197,0,66.56
629,32.57,18.7,12.38,19.2,21.45,63.7,49.99,1.42,39.03,23.39,0.247,1,56.87
630,47.67,50.5,10.37,15.4,17.04,27.3,50.02,4.04,37.77,60.25,0.214,0,34.23
631,79.93,78.1,15.02,18.3,4.31,80.5,50.01,0.32,30.34,92.56,0.202,1,50.45
632,92.66,41.3,16.37,4.5,10.57,66.6,49.81,4.96,31.34,45.23,0.153,1,10.9
633,65.82,69.8,3.08,11.5,26.56,34.9,49.96,0.74,31.9,86.05,0.168,0,5.99
634,67.25,81.6,6.17,9.1,28.48,35.1,49.7,4.0,31.44,10.02,0.154,0,8.61
635,37.5,93.4,16.55,3.2,4.88,34.7,50.27,2.03,27.69,25.17,0.261,0,13.61
636,61.32,31.1,15.66,12.2,31.45,24.6,49.94,2.51,49.32,12.74,0.108,1,15.61
637,67.28,45.9,21.35,22.2,11.12,67.0,49.9,4.42,36.61,39.53,0.051,1,21.08
638,46.97,23.7,17.46,1.9,21.99,87.2,50.32,2.12,38.85,91.74,0.213,0,7.14
639,48.85,99.3,21.06,7.7,24.91,21.4,49.75,2.73,43.62,18.73,0.101,0,16.33
640,56.41,93.4,16.35,5.8,26.87,23.9,49.77,0.34,10.78,64.58,0.273,0,25.72
641,31.4,58.6,8.66,6.5,31.23,65.8,49.78,0.11,4.19,50.63,0.265,1,14.14
642,52.55,85.8,5.0,21.9,10.6,85.6,49.99,1.3,24.14,94.46,0.069,1,7.07
643,44.8,56.9,17.85,11.8,28.39,46.1,50.09,3.43,25.7,21.03,0.077,1,15.53
644,52.92,66.1,15.24,11.7,4.69,48.0,50.15,0.69,41.46,29.08,0.174,0,31.05
645,38.38,18.0,3.92,18.5,23.38,67.7,50.51,0.66,22.19,12.66,0.202,1,10.74
646,92.34,78.0,9.84,4.6,24.59,41.9,49.55,2.11,28.54,49.05,0.119,1,3.49
647,71.55,21.5,21.18,12.2,22.49,22.1,50.12,3.27,26.35,35.0,0.229,0,59.26
648,77.54,84.3,12.51,10.9,8.63,78.8,49.89,3.59,1.91,88.29,0.199,1,24.9
649,85.24,80.4,11.22,14.7,28.86,70.1,49.88,0.97,30.76,64.44,0.131,0,21.69
650,64.89,73.8,11.7,24.0,5.9,66.5,49.88,0.49,41.4,65.27,0.056,1,13.48
651,36.08,13.3,6.97,18.7,2.15,79.3,49.82,4.71,7.88,57.87,0.238,0,30.95
652,67.6,37.3,10.01,10.2,23.79,74.0,50.34,1.38,29.72,18.27,0.104,0,10.53
653,71.08,33.7,10.03,20.0,15.9,36.5,50.17,4.28,29.68,50.05,0.259,1,49.65
654,82.18,42.4,3.99,4.9,28.08,48.2,50.0,4.33,8.21,99.96,0.155,0,3.05
655,60.22,17.9,17.58,1.7,12.9,30.1,50.27,3.89,6.17,85.17,0.194,1,4.47
656,38.93,94.3,10.91,5.7,5.89,30.4,49.7,0.93,49.0,90.41,0.268,0,16.69
657,49.86,59.8,18.62,8.8,27.67,74.1,49.73,4.13,19.69,84.09,0.266,0,43.72
658,55.42,37.5,19.16,12.7,18.29,88.7,49.56,3.87,11.37,19.27,0.143,0,34.88
659,75.21,45.7,7.03,15.1,6.57,97.0,49.86,3.02,8.57,30.47,0.102,1,6.45
660,69.95,50.2,15.49,21.9,23.88,70.3,50.03,1.75,33.38,10.28,0.244,0,82.86
661,54.93,64.1,11.97,12.7,17.06,34.7,50.02,1.39,30.47,37.32,0.158,0,24.12
662,99.06,56.4,19.72,12.5,20.1,28.5,50.03,0.7,32.18,19.77,0.098,1,19.45
663,72.4,92.7,7.1,2.2,15.43,85.0,49.72,2.6,4.4,52.55,0.276,0,4.23
664,46.61,54.7,15.88,1.8,27.42,66.3,50.16,2.97,44.68,70.94,0.1,0,2.85
665,37.12,99.3,14.55,13.7,27.44,69.5,50.05,1.86,19.46,88.71,0.056,0,11.23
666,40.7,86.6,8.61,11.1,23.53,82.5,50.15,2.43,15.67,77.43,0.055,0,5.25
667,47.22,28.8,5.6,20.3,3.84,76.3,49.62,1.88,23.12,94.47,0.206,1,19.19
668,41.25,93.8,15.38,4.7,27.75,86.8,50.06,3.24,19.5,14.85,0.215,0,15.56
669,43.06,20.5,17.03,1.6,22.28,24.5,49.76,4.52,43.18,11.1,0.128,0,3.43
670,49.96,83.6,9.0,11.3,23.12,79.8,49.92,0.9,46.46,69.52,0.13,1,12.09
671,42.14,44.3,15.25,6.5,12.23,88.1,50.11,1.97,15.17,36.04,0.135,0,13.29
672,92.77,89.0,10.51,2.1,29.06,42.9,50.02,0.79,43.2,32.82,0.22,0,4.95
673,35.62,88.1,16.55,17.7,24.05,71.2,49.83,3.16,39.08,39.78,0.065,1,16.33
674,66.72,82.5,6.79,3.6,4.07,45.1,50.0,3.67,46.54,34.28,0.282,1,1.84
675,58.73,81.1,19.91,15.0,13.69,96.6,49.69,4.67,12.29,56.03,0.106,1,28.06
676,98.77,37.4,8.46,7.5,29.3,22.7,50.23,1.47,28.85,49.61,0.3,1,17.4
677,37.84,17.3,9.99,5.0,1.94,66.4,49.96,4.76,13.73,56.12,0.093,0,4.63
678,57.85,46.3,4.1,9.7,31.74,33.3,50.22,0.41,41.2,70.54,0.243,1,5.79
679,97.86,25.6,5.12,19.4,22.54,77.0,49.89,3.05,0.27,44.84,0.106,0,10.53
680,90.59,72.5,12.8,10.0,20.98,34.1,49.9,0.38,28.24,32.62,0.07,1,4.92
681,87.2,41.1,8.08,18.3,9.22,38.8,49.85,4.48,16.96,24.96,0.269,0,39.69
682,48.05,97.8,18.87,3.9,8.51,59.5,50.18,2.7,16.13,41.45,0.265,1,18.67
683,41.96,67.7,3.28,18.8,31.11,93.2,49.86,3.38,32.25,76.76,0.151,1,8.16
684,76.81,84.0,10.2,6.4,10.12,36.9,50.13,4.17,42.57,78.1,0.226,0,14.84
685,95.06,21.9,9.41,16.6,25.68,31.5,49.92,0.84,30.46,70.02,0.189,1,27.4
686,68.97,87.6,3.37,14.0,13.22,80.7,49.6,0.29,42.66,31.06,0.263,1,10.98
687,70.01,93.0,5.36,22.4,4.94,60.0,49.89,4.41,13.23,62.93,0.129,1,14.59
688,49.6,53.8,10.86,9.9,0.75,92.9,49.76,1.64,25.98,61.36,0.181,0,19.47
689,83.86,64.6,12.36,2.5,18.14,31.7,50.01,0.73,22.53,53.58,0.171,1,0.39
690,43.09,78.8,10.68,1.4,32.21,71.7,49.76,2.4,0.58,59.5,0.138,1,-1.76
691,52.66,25.7,13.09,20.0,12.43,38.6,50.19,3.03,27.84,54.26,0.273,0,71.49
692,59.78,55.2,14.31,13.1,12.04,32.5,49.98,0.25,33.08,60.89,0.091,0,17.1
693,65.53,45.9,3.19,18.8,11.62,74.7,49.96,1.45,29.6,74.4,0.087,1,4.16
694,46.97,23.2,11.82,6.4,17.37,67.5,50.13,0.26,36.81,19.87,0.194,0,14.67
695,38.04,43.1,21.31,8.9,14.77,80.4,50.19,2.16,28.57,77.47,0.214,0,40.82
696,72.74,16.1,12.86,1.7,29.09,44.8,50.0,4.49,3.34,22.23,0.099,0,2.15
697,50.2,12.3,15.87,23.1,16.88,55.8,49.85,4.91,5.82,16.0,0.148,1,50.66
698,70.69,22.2,8.93,16.4,16.95,52.4,49.65,3.22,29.82,97.85,0.287,1,38.46
699,40.81,96.7,17.71,22.5,4.91,98.7,49.86,0.89,13.75,96.13,0.112,0,44.41
700,63.68,59.5,17.69,7.1,32.44,43.4,49.88,4.54,3.98,15.44,0.217,1,25.63
701,67.28,96.9,12.9,15.1,8.55,43.6,50.02,2.63,21.48,49.89,0.235,0,45.69
702,33.63,48.9,21.54,16.6,2.79,48.4,49.93,0.85,27.72,26.76,0.162,1,56.22
703,53.56,38.1,5.39,8.3,22.02,65.2,50.14,4.62,16.44,53.68,0.284,0,12.72
704,39.41,55.6,3.32,20.5,19.81,40.2,49.88,3.81,36.02,84.72,0.234,1,14.08
705,34.44,49.6,17.63,22.8,13.93,93.2,49.99,3.69,32.19,95.56,0.164,0,66.08
706,99.3,19.5,18.34,21.4,14.16,41.3,50.24,3.57,16.64,67.08,0.192,1,74.86
707,52.56,67.7,5.28,18.0,25.99,91.7,50.07,1.08,37.74,41.85,0.223,1,17.07
708,86.69,29.4,8.05,7.4,6.78,28.3,49.99,1.13,32.43,64.3,0.198,0,11.76
709,47.82,65.8,3.33,7.5,27.14,72.5,49.88,3.47,31.87,38.08,0.27,1,5.62
710,77.71,68.5,8.57,23.2,21.55,92.6,49.87,1.18,27.67,91.88,0.139,1,27.32
711,83.22,23.7,17.69,1.2,14.06,33.5,49.83,2.25,0.57,88.34,0.125,1,-0.96
712,71.69,15.5,12.84,17.5,15.33,97.5,49.89,3.93,34.83,60.24,0.103,1,22.15
713,63.01,80.3,9.61,17.2,8.77,56.2,50.15,3.94,18.8,39.23,0.059,1,7.89
714,58.83,51.4,10.06,15.3,24.92,95.7,49.96,2.32,47.13,36.41,0.061,1,9.05
715,54.42,15.2,3.03,23.8,17.12,74.1,49.73,3.98,40.9,13.01,0.268,1,18.11
716,95.07,99.5,8.7,8.2,10.86,44.1,50.35,4.21,29.38,83.42,0.22,1,11.64
717,88.14,15.2,15.28,8.8,19.83,35.1,50.06,3.31,12.61,50.53,0.215,0,29.0
718,97.55,72.6,21.51,2.8,32.86,44.3,49.72,1.22,10.19,39.26,0.204,1,11.3
719,38.7,98.5,19.09,11.2,14.59,27.4,49.91,1.44,17.02,52.4,0.262,0,56.02
720,81.16,31.5,3.45,7.0,30.41,31.5,50.02,1.64,23.83,83.69,0.17,1,3.44
721,95.68,22.8,20.07,8.9,11.65,28.4,50.34,0.67,14.8,21.22,0.268,0,47.8
722,42.69,20.9,17.88,20.2,2.18,53.8,49.78,1.44,25.75,87.19,0.14,1,45.54
723,34.65,37.3,17.83,22.5,7.06,83.6,50.2,1.13,8.27,90.78,0.282,0,113.06
724,81.88,19.1,11.7,5.3,14.05,31.3,50.28,2.33,48.89,95.2,0.225,0,13.86
725,70.21,72.3,10.56,9.6,7.56,30.4,49.87,4.55,5.4,45.77,0.114,1,7.72
726,88.93,15.6,8.76,22.4,0.41,71.5,49.94,0.61,46.6,29.54,0.191,0,37.39
727,39.78,55.8,4.25,2.4,30.23,35.8,49.79,3.63,45.68,43.63,0.183,1,-2.15
728,85.67,99.7,7.34,3.1,27.91,27.8,49.96,3.47,26.27,39.96,0.084,1,1.85
729,44.11,83.3,7.69,4.7,24.6,33.3,49.99,0.57,36.25,25.85,0.198,0,7.21
730,41.46,65.4,12.2,14.7,5.87,93.9,50.13,4.62,21.8,64.65,0.129,1,19.79
731,41.5,37.6,17.2,4.5,4.32,85.7,50.22,2.89,31.5,52.9,0.063,0,4.84
732,87.02,66.2,12.0,23.3,2.6,48.3,49.85,1.88,17.03,87.91,0.287,0,80.19
733,76.56,57.4,4.1,11.3,24.0,72.5,49.61,3.81,15.06,12.89,0.21,1,6.4
734,66.61,48.3,21.2,12.5,30.68,63.0,50.0,1.36,28.91,67.95,0.269,1,66.76
735,55.12,21.8,20.91,6.7,14.44,74.2,50.06,3.5,24.91,78.67,0.219,1,29.56
736,91.4,89.8,17.92,11.8,4.28,74.6,50.05,0.29,28.98,78.35,0.139,1,25.2
737,57.47,50.5,21.84,16.2,17.1,70.3,49.93,4.21,14.33,89.75,0.178,1,61.51
738,87.16,27.5,13.35,18.3,11.77,41.3,50.02,2.3,18.35,75.61,0.219,0,53.4
739,60.74,43.1,21.29,18.3,12.62,23.1,50.3,3.22,4.19,93.5,0.29,0,113.27
740,56.39,47.3,4.44,14.3,20.66,56.4,50.08,1.18,2.61,39.94,0.113,1,4.61
741,62.39,84.5,9.95,21.8,23.83,91.3,49.93,3.42,12.67,55.29,0.269,1,54.32
742,51.1,76.0,7.28,19.8,4.01,65.6,49.9,3.88,3.71,11.27,0.281,1,38.36
743,82.33,79.2,6.72,18.4,1.56,86.6,49.97,2.42,5.19,10.63,0.218,0,26.93
744,65.19,11.0,5.68,2.3,32.82,99.3,50.33,3.13,40.65,31.61,0.283,0,3.66
745,46.25,47.5,14.83,1.2,7.99,33.1,49.96,2.34,1.94,19.07,0.149,0,2.57
746,92.97,53.3,17.85,5.9,2.15,75.3,50.0,4.48,32.95,33.42,0.288,1,27.26
747,56.87,11.7,13.99,16.3,6.59,73.9,49.9,2.54,13.63,25.93,0.226,1,51.06
748,68.05,33.4,5.79,10.5,1.67,98.4,50.22,4.22,43.58,12.57,0.061,0,3.66
749,93.45,78.4,18.41,10.3,13.17,98.8,50.39,4.03,24.25,91.84,0.277,1,49.01
750,73.7,22.3,15.08,21.3,26.56,74.9,50.09,2.11,15.28,10.74,0.171,1,53.07
751,38.18,58.2,10.38,21.6,11.52,39.5,50.02,1.23,25.88,76.25,0.165,0,36.99
752,95.79,29.4,15.81,21.9,14.88,83.9,50.01,2.09,19.1,23.69,0.192,0,66.37
753,73.94,11.1,7.94,8.2,22.42,28.6,49.52,4.15,28.22,92.1,0.087,1,5.64
754,53.44,31.7,9.56,16.9,16.99,82.5,50.15,1.22,5.73,90.35,0.167,0,27.02
755,39.75,97.8,20.43,7.2,28.48,92.8,50.03,2.67,49.85,68.85,0.258,1,35.09
756,85.58,82.1,8.52,5.4,28.63,50.6,50.09,4.05,21.28,70.5,0.054,0,2.47
757,73.41,96.4,11.93,5.2,0.72,70.5,49.86,1.83,17.41,10.48,0.118,0,7.4
758,67.34,53.9,19.91,8.9,25.76,54.4,49.92,3.25,35.51,98.64,0.051,1,5.67
759,92.57,19.9,16.45,10.9,15.42,55.0,49.92,1.3,18.19,89.0,0.154,1,27.3
760,85.2,59.3,4.18,20.1,32.64,44.8,50.2,0.64,41.66,90.56,0.232,0,19.52
761,40.62,50.9,5.8,3.8,16.15,81.0,49.92,3.99,22.71,69.33,0.25,1,4.69
762,51.82,86.0,3.15,17.9,32.57,94.9,50.42,0.58,35.98,41.03,0.286,0,16.14
763,47.39,18.8,14.99,13.2,25.0,95.3,50.09,1.43,5.37,90.43,0.202,1,36.75
764,82.08,53.9,11.51,7.6,8.5,34.0,49.74,4.29,42.31,36.24,0.114,0,9.97
765,32.35,23.5,5.55,12.3,17.95,90.0,49.97,1.8,36.79,60.64,0.281,0,19.24
766,69.89,39.2,21.2,7.9,32.74,79.0,49.87,4.87,10.59,18.98,0.244,0,40.83
767,83.37,76.4,13.06,14.7,28.36,40.2,49.56,4.9,7.26,92.98,0.194,1,36.81
768,91.37,52.8,7.6,11.0,3.57,25.4,50.32,1.41,15.81,22.67,0.224,0,18.67
769,53.95,43.8,12.51,4.8,23.43,41.4,50.14,0.3,48.8,30.24,0.281,0,16.81
770,87.49,45.5,15.91,3.7,11.67,93.0,50.11,3.55,12.84,60.23,0.228,0,13.36
771,37.74,51.4,4.45,13.6,0.63,70.7,50.03,2.31,22.81,78.77,0.142,0,8.58
772,89.25,80.7,8.22,21.8,13.55,77.7,49.72,0.59,1.5,65.74,0.228,1,40.31
773,38.92,90.3,18.33,8.9,8.05,40.6,49.9,3.57,19.86,30.89,0.06,1,6.79
774,57.81,96.0,11.73,17.9,27.1,77.6,50.17,0.25,28.57,10.08,0.147,0,30.72
775,85.81,80.8,13.38,16.1,11.4,22.2,49.79,4.36,47.66,78.14,0.152,0,32.77
776,40.49,38.4,11.22,22.4,27.38,50.0,49.49,0.78,25.84,98.67,0.092,1,18.78
777,46.05,71.9,3.83,19.9,0.42,70.1,49.95,0.72,40.96,82.89,0.056,0,4.25
778,80.56,49.4,6.15,14.0,10.43,31.7,49.97,0.96,27.36,51.42,0.083,1,6.52
779,80.4,32.9,11.47,16.1,8.26,85.8,50.03,4.81,2.04,91.34,0.214,0,39.47
780,74.88,85.7,6.97,21.7,8.01,38.8,50.15,3.5,15.75,46.89,0.251,1,34.55
781,78.58,13.5,3.95,10.2,2.62,72.2,50.13,4.03,28.78,57.24,0.297,0,11.95
782,67.99,91.2,19.03,8.5,6.5,52.4,50.05,2.05,47.53,52.94,0.137,1,19.48
783,47.63,51.5,21.64,1.2,18.51,67.7,50.24,1.75,42.96,50.29,0.2,1,1.99
784,54.2,67.3,18.07,20.0,9.9,28.6,49.7,1.25,11.42,79.77,0.284,1,99.61
785,42.71,69.3,19.22,19.4,14.01,21.4,50.1,2.46,11.01,57.41,0.092,0,34.26
786,93.59,90.6,7.6,3.4,12.69,92.8,50.13,2.8,10.06,38.5,0.229,1,3.0
787,70.84,67.3,21.25,14.3,28.95,41.6,49.75,3.2,46.12,33.23,0.239,1,68.5
788,58.06,65.3,6.74,11.7,29.91,85.6,49.7,1.36,42.63,13.4,0.072,0,5.68
789,62.34,16.0,21.08,3.7,16.47,99.9,49.85,4.75,38.74,62.49,0.265,0,20.86
790,96.31,56.7,21.9,23.6,11.16,36.9,49.87,0.93,19.64,30.7,0.253,0,130.65
791,40.73,23.5,16.52,5.9,3.88,41.2,50.15,4.83,25.22,23.33,0.058,0,5.72
792,71.04,76.4,21.64,2.5,31.48,73.0,49.88,0.17,23.22,68.84,0.073,1,0.11
793,65.41,56.1,13.82,14.7,2.36,97.2,49.83,2.46,12.67,71.31,0.062,0,12.64
794,72.8,71.2,7.93,18.0,10.1,93.3,49.88,1.73,25.25,77.69,0.134,0,19.08
795,31.27,13.8,11.3,1.7,10.12,60.2,50.22,2.3,1.52,55.32,0.177,0,3.5
796,91.05,17.6,14.28,16.2,10.85,83.6,50.0,2.9,6.59,90.46,0.183,0,42.22
797,95.25,74.5,4.39,13.2,5.76,30.9,49.96,2.23,44.33,94.27,0.117,0,6.79
798,69.56,16.5,14.82,3.4,25.93,98.2,49.98,2.13,37.58,82.66,0.278,0,13.9
799,78.77,16.4,21.64,5.0,4.39,97.1,50.26,3.69,21.14,67.2,0.142,0,15.27
800,94.57,11.1,6.61,14.1,21.1,33.1,49.85,3.46,25.86,37.33,0.061,1,5.1
801,79.51,96.1,18.06,7.8,4.44,44.0,50.26,4.18,18.5,98.47,0.125,1,14.68
802,40.68,76.4,20.25,22.6,2.7,28.0,50.04,1.32,37.04,34.67,0.183,1,81.85
803,70.34,41.8,20.93,19.8,30.05,41.7,49.97,3.09,39.21,28.24,0.152,1,62.94
804,72.47,36.7,21.24,23.6,6.6,85.3,50.5,2.97,38.16,49.79,0.118,1,56.73
805,59.69,41.5,12.91,7.0,27.17,50.3,49.79,1.91,36.13,15.12,0.083,0,7.45
806,81.55,79.7,21.57,23.3,18.15,27.1,49.93,2.48,10.23,98.06,0.255,0,128.07
807,95.41,69.5,17.39,10.9,2.94,47.4,49.75,1.64,16.9,62.96,0.299,0,56.77
808,94.79,26.7,6.07,9.0,31.55,98.5,50.19,0.8,23.49,60.13,0.132,0,7.23
809,61.56,25.7,12.06,2.2,8.45,70.4,50.34,1.15,16.54,69.02,0.145,1,0.0
810,37.93,18.9,16.65,2.2,28.42,53.3,50.33,0.62,37.75,54.73,0.205,1,3.42
811,98.94,69.4,7.7,16.9,5.9,33.3,50.24,3.45,16.47,12.89,0.23,0,29.91
812,88.72,78.8,15.17,11.5,28.24,98.9,49.96,3.34,6.91,65.11,0.148,0,25.9
813,38.73,33.9,15.67,6.2,0.83,85.7,49.93,4.76,19.95,74.46,0.276,1,25.83
814,94.46,11.9,6.09,15.1,17.08,42.5,49.67,3.68,49.0,47.51,0.19,1,13.68
815,90.89,17.4,13.74,6.8,25.48,25.6,50.41,0.36,11.29,78.16,0.163,1,10.48
816,66.32,97.1,17.66,14.3,30.87,24.5,50.09,4.43,30.61,30.43,0.212,0,53.4
817,71.39,36.6,12.48,9.3,30.04,29.6,49.9,4.33,21.65,29.91,0.288,0,33.31
818,57.93,79.2,3.23,19.9,27.12,66.5,50.27,2.27,3.55,24.53,0.249,1,12.82
819,33.83,66.2,3.17,19.9,29.36,94.3,49.81,2.97,24.39,43.48,0.06,1,1.84
820,53.46,44.4,9.78,12.0,6.89,59.7,50.08,4.88,35.11,86.23,0.133,0,15.6
821,86.2,28.5,20.6,9.1,9.66,87.4,49.97,2.71,25.66,84.51,0.168,0,31.31
822,30.32,20.9,7.34,9.3,9.82,55.7,50.13,4.54,43.61,44.45,0.129,0,8.82
823,53.34,65.4,15.05,19.5,12.69,76.7,49.99,0.51,14.45,63.02,0.225,0,66.16
824,57.87,79.7,7.22,8.5,13.22,78.5,49.71,1.04,4.31,74.87,0.257,1,13.64
825,67.62,68.0,9.11,5.8,18.15,33.9,50.02,2.26,46.83,31.71,0.233,1,9.56
826,94.39,57.7,19.11,2.9,5.61,48.9,50.21,2.97,18.91,25.13,0.297,1,13.96
827,54.24,13.8,16.85,11.7,22.93,71.0,49.99,4.1,28.82,97.49,0.118,0,23.36
828,54.29,97.2,4.81,12.1,5.86,25.7,50.16,4.94,39.6,65.58,0.269,0,15.64
829,81.63,81.9,11.15,20.3,10.52,48.9,49.79,2.01,16.22,98.33,0.242,0,54.78
830,61.66,36.4,3.55,6.1,16.81,62.8,49.99,0.33,35.81,40.4,0.141,1,1.1
831,45.72,98.2,12.14,9.8,26.36,99.7,49.88,4.03,6.77,73.27,0.234,1,23.57
832,61.67,64.2,15.59,19.6,24.51,58.0,50.15,3.06,14.56,30.03,0.076,1,20.96
833,39.86,62.4,5.25,19.9,21.44,85.3,50.01,1.07,7.24,33.51,0.247,0,25.9
834,42.35,77.3,8.49,9.8,5.48,54.6,50.14,2.52,40.56,56.07,0.183,0,15.3
835,64.89,83.1,10.56,11.6,18.23,83.7,50.22,3.74,11.13,38.77,0.123,1,10.69
836,59.32,69.1,20.47,8.0,3.25,67.6,50.14,3.88,35.87,25.09,0.214,0,34.93
837,94.04,21.5,21.87,22.4,12.7,90.9,50.05,2.55,47.16,33.66,0.21,1,101.96
838,55.37,40.4,3.85,3.7,13.88,52.9,49.8,1.6,26.39,13.22,0.102,1,1.3
839,70.64,93.5,17.46,22.5,1.7,68.3,50.0,4.87,27.0,73.4,0.058,1,21.3
840,74.26,30.2,10.06,16.7,9.33,70.4,49.89,3.35,23.05,54.29,0.158,1,25.27
841,30.92,43.5,10.46,13.2,31.55,53.4,49.93,2.1,16.29,18.48,0.192,0,26.61
842,76.45,48.9,17.33,1.8,31.49,31.5,49.93,1.47,23.78,25.45,0.269,0,8.17
843,42.46,49.5,20.45,11.9,11.89,27.5,49.8,3.68,30.14,19.23,0.282,0,68.86
844,97.27,65.2,21.07,10.4,1.81,21.3,49.61,1.29,49.3,65.13,0.182,0,39.84
845,40.41,94.9,13.97,4.7,6.24,89.9,49.87,0.94,46.89,18.48,0.238,0,15.68
846,59.02,31.7,9.79,16.1,13.19,38.9,50.04,2.7,43.11,77.89,0.16,0,25.18
847,35.97,20.9,17.96,23.3,31.3,36.9,49.73,1.52,44.46,11.85,0.237,1,95.47
848,99.78,27.8,7.77,13.9,5.0,78.9,50.0,3.18,23.39,32.44,0.101,0,10.95
849,65.15,89.8,13.72,17.4,25.29,45.6,50.38,0.68,32.87,90.16,0.143,0,34.15
850,71.68,68.1,9.81,2.6,3.94,60.5,50.2,3.31,44.75,74.67,0.209,0,5.27
851,34.7,35.7,15.48,10.6,32.39,33.0,50.33,1.49,19.65,16.57,0.055,1,7.4
852,82.5,83.4,7.57,3.7,12.84,96.8,50.08,0.1,48.09,83.9,0.231,0,6.42
853,44.69,87.5,6.64,15.1,25.67,88.1,50.23,0.72,20.79,54.37,0.259,1,24.15
854,92.86,86.2,20.45,22.6,11.57,89.1,49.86,4.67,30.05,86.21,0.15,0,69.17
855,44.36,92.7,4.93,16.2,20.86,52.5,49.87,4.35,35.49,64.07,0.162,0,12.97
856,43.35,32.7,12.61,2.8,6.66,81.0,49.45,1.24,47.53,71.36,0.263,0,9.17
857,32.56,78.0,7.2,9.2,5.16,31.5,50.24,3.91,12.23,99.42,0.244,1,13.62
858,63.04,51.4,3.74,13.7,30.98,20.7,50.31,3.08,37.31,30.91,0.122,1,6.09
859,69.54,85.8,3.68,10.3,30.32,21.6,49.89,4.86,26.04,66.16,0.131,0,4.96
860,34.6,75.6,6.33,20.2,29.33,66.9,49.95,1.93,13.43,51.43,0.22,0,28.05
861,84.29,79.9,19.47,19.7,20.79,56.4,49.85,3.44,38.83,13.55,0.191,0,73.32
862,61.73,69.1,8.37,15.1,26.75,61.4,50.08,0.41,27.61,11.3,0.091,1,10.34
863,66.71,26.0,21.06,9.6,2.65,20.6,50.22,2.04,33.05,20.73,0.127,1,22.13
864,60.85,59.1,14.05,6.9,11.31,53.8,49.65,4.82,16.15,68.42,0.275,0,26.56
865,58.05,98.6,11.3,3.4,10.63,77.4,50.08,2.74,24.06,61.04,0.222,1,6.56
866,69.17,94.4,14.02,9.2,21.12,55.4,49.94,1.51,30.87,59.81,0.296,1,34.36
867,40.87,13.9,12.82,10.5,12.0,78.6,50.02,0.69,20.25,12.87,0.242,1,30.52
868,42.73,24.8,17.42,16.5,5.24,38.6,50.09,3.55,9.92,52.24,0.285,1,78.87
869,90.32,21.9,8.37,16.1,19.84,85.1,49.96,3.26,48.08,93.22,0.104,0,14.05
870,96.23,75.3,9.71,2.6,26.95,67.1,49.98,1.93,25.57,45.78,0.243,0,6.16
871,56.13,83.6,19.99,10.1,12.86,36.9,49.96,4.76,36.7,66.24,0.055,1,9.38
872,48.95,29.2,20.98,5.2,4.71,38.9,50.19,0.21,20.55,80.18,0.218,1,21.61
873,75.08,55.5,19.96,4.6,6.81,70.2,50.08,1.59,17.76,80.55,0.167,1,14.56
874,58.61,85.7,10.97,20.0,8.14,86.4,50.04,4.61,20.36,56.74,0.137,0,30.03
875,31.78,76.0,17.83,2.0,10.18,53.3,49.75,1.67,20.46,87.22,0.266,0,9.3
876,40.93,58.8,12.05,10.6,21.36,40.7,49.92,1.34,27.21,45.22,0.264,1,29.21
877,80.12,63.1,12.45,4.9,19.99,89.4,50.18,2.72,27.17,89.98,0.056,1,1.4
878,76.12,55.8,6.89,21.2,23.09,73.5,50.01,4.14,24.86,31.62,0.202,1,28.69
879,31.9,36.8,14.23,13.8,12.22,55.8,50.13,0.61,6.74,35.22,0.142,1,26.48
880,45.54,60.9,6.54,6.3,27.26,59.0,50.35,4.72,24.8,14.78,0.154,0,6.36
881,46.18,72.0,9.3,12.6,7.05,36.3,50.21,4.0,8.46,81.6,0.258,0,30.13
882,77.03,88.6,19.25,17.8,15.69,70.1,50.02,0.99,6.31,47.53,0.127,0,43.72
883,31.38,67.3,6.93,23.0,26.51,48.7,49.9,3.59,46.63,30.62,0.286,0,45.65
884,37.29,78.5,4.35,6.1,6.27,99.7,49.49,1.99,30.25,30.86,0.095,0,2.51
885,85.99,24.4,4.31,21.4,3.98,58.4,49.97,2.07,32.97,91.13,0.216,0,19.88
886,42.5,51.5,20.87,22.5,29.21,58.9,49.93,3.94,20.09,85.05,0.218,1,98.38
887,75.69,10.8,12.63,22.1,11.58,65.3,50.08,4.82,45.45,59.82,0.113,1,30.2
888,46.67,32.2,10.78,15.6,22.69,93.3,49.97,0.72,31.9,65.45,0.131,0,22.08
889,36.96,75.4,18.41,15.5,1.23,84.1,49.94,2.16,38.46,52.69,0.259,0,73.74
890,47.02,99.3,18.88,10.3,22.9,56.1,49.64,2.46,18.43,45.25,0.24,0,46.64
891,80.56,18.9,9.31,18.3,10.7,77.5,49.81,1.94,48.0,92.39,0.132,1,20.32
892,89.9,46.1,16.18,13.2,2.22,66.9,50.1,1.88,41.02,21.31,0.183,1,37.51
893,88.12,82.0,17.65,16.6,20.28,59.4,50.34,0.36,42.7,47.66,0.065,1,14.97
894,57.8,28.4,15.44,10.9,8.25,35.4,49.98,3.46,8.61,41.01,0.102,1,13.33
895,76.77,60.0,5.88,17.8,13.01,57.1,50.07,2.24,13.55,54.83,0.171,0,17.97
896,44.35,76.0,19.64,20.0,3.03,39.7,50.19,1.05,14.28,51.19,0.071,1,27.52
897,50.52,65.4,13.24,4.4,5.2,93.2,49.84,4.1,13.55,56.7,0.261,0,15.09
898,92.74,26.9,8.37,20.2,10.11,46.8,50.07,4.03,42.77,22.59,0.23,1,38.24
899,30.91,42.0,11.08,13.4,3.33,96.2,49.85,2.48,1.59,56.18,0.286,1,39.62
900,35.99,80.5,3.71,20.4,30.09,62.6,50.17,1.56,3.8,31.82,0.223,1,16.69
901,44.55,59.9,5.43,10.9,0.6,70.5,50.03,3.23,13.7,26.59,0.285,1,15.22
902,31.86,10.5,17.55,9.7,16.17,63.4,50.06,1.51,9.99,15.84,0.189,0,32.16
903,42.7,78.5,3.0,22.0,4.42,30.4,49.84,1.26,11.59,78.64,0.2,0,13.23
904,70.81,13.2,10.91,6.8,10.43,50.1,50.14,3.68,39.9,48.47,0.294,0,21.76
905,59.5,77.1,12.93,20.4,30.59,27.9,50.42,0.3,28.16,66.4,0.211,0,55.57
906,92.49,28.2,4.04,12.1,5.67,69.8,49.8,0.56,0.29,75.48,0.058,0,2.83
907,87.22,96.2,21.49,12.8,31.89,55.7,49.93,0.13,21.47,71.14,0.231,0,63.64
908,53.93,43.1,7.3,8.1,7.11,82.2,50.05,0.85,20.39,52.35,0.276,0,16.32
909,48.16,39.4,8.78,14.2,24.58,37.6,50.16,0.44,5.7,44.91,0.249,1,29.0
910,56.58,23.4,8.77,8.5,18.22,33.2,49.89,4.98,33.81,43.84,0.196,0,14.58
911,71.32,37.5,7.38,1.9,29.23,52.5,49.43,1.52,35.1,67.6,0.218,1,0.45
912,48.76,88.9,3.03,7.3,18.46,94.1,50.27,0.83,36.04,54.53,0.298,0,6.54
913,73.69,99.7,16.86,1.1,17.83,76.8,50.15,1.28,36.42,86.42,0.073,1,-1.79
914,58.66,43.1,21.37,23.5,6.77,53.5,49.65,4.69,0.0,88.72,0.217,0,108.89
915,68.64,50.4,7.26,23.2,5.82,61.4,49.88,2.65,47.7,25.35,0.121,1,16.96
916,60.53,75.0,15.6,10.1,30.28,26.7,50.31,1.89,40.71,22.26,0.21,0,33.05
917,50.61,89.8,17.1,17.8,11.09,98.8,50.29,4.38,45.2,66.74,0.202,0,61.28
918,96.39,63.4,19.12,9.0,12.53,73.3,50.19,2.04,0.78,37.11,0.088,0,15.13
919,83.45,45.2,11.03,16.4,25.17,42.8,49.96,1.74,46.69,11.67,0.102,0,18.43
920,39.81,47.1,8.76,19.5,11.45,66.9,50.02,1.12,40.49,89.98,0.205,1,31.05
921,90.79,72.6,9.18,22.8,31.44,28.8,49.97,1.95,41.86,30.42,0.082,0,17.16
922,64.12,10.3,16.54,10.2,24.46,97.3,50.23,1.65,4.66,93.64,0.116,0,19.63
923,92.62,65.8,18.52,19.0,19.88,34.0,49.82,3.42,36.94,74.57,0.259,1,90.39
924,85.99,42.0,6.45,7.1,29.12,71.8,49.84,1.52,48.0,78.64,0.132,0,6.05
925,59.76,81.5,10.05,23.8,2.02,39.6,50.2,2.93,33.93,28.13,0.172,1,36.42
926,31.57,18.4,20.14,1.6,8.78,77.4,49.99,0.42,28.53,31.08,0.285,1,8.46
927,48.81,62.9,18.33,14.9,15.56,82.1,50.28,1.04,47.28,56.91,0.107,0,29.12
928,67.91,53.3,21.71,16.2,7.8,73.9,49.87,2.1,22.15,25.49,0.147,0,51.75
929,74.34,67.8,17.33,16.8,24.65,69.2,49.99,4.69,29.96,37.49,0.202,1,55.02
930,48.05,15.8,10.47,3.8,30.37,91.4,49.82,1.95,23.82,38.93,0.239,0,9.43
931,39.75,62.2,14.22,22.6,14.21,26.3,50.0,3.35,46.64,24.37,0.275,1,87.76
932,88.45,60.5,15.56,5.2,11.55,46.5,49.7,1.35,3.8,28.47,0.279,0,22.42
933,98.91,60.5,4.49,15.3,31.75,39.9,49.9,0.72,25.06,80.97,0.244,0,16.8
934,66.8,64.3,13.35,6.1,14.9,99.0,49.71,0.39,34.35,25.05,0.107,1,4.76
935,42.02,70.9,16.48,8.1,16.34,51.2,50.14,1.6,39.6,12.56,0.056,0,7.47
936,49.06,82.4,6.18,13.6,11.86,78.6,50.14,0.87,29.15,66.64,0.146,0,12.24
937,31.29,34.3,17.83,10.6,30.05,74.8,49.65,0.95,45.45,97.84,0.085,0,16.13
938,94.0,84.3,14.09,4.7,18.95,37.0,50.27,3.83,47.1,39.81,0.228,1,14.19
939,38.24,54.8,21.09,4.9,25.25,39.1,50.5,0.18,3.22,20.68,0.215,0,22.39
940,70.36,16.9,3.81,10.6,26.86,42.5,50.01,2.83,20.12,61.33,0.061,1,-0.29
941,49.18,15.3,8.04,18.4,11.54,52.9,49.87,1.96,1.17,91.57,0.259,0,38.38
942,68.79,40.1,14.43,21.7,14.54,38.7,50.56,2.58,16.47,80.57,0.112,1,34.49
943,75.6,80.6,8.63,2.9,28.06,21.6,49.74,2.86,26.84,66.03,0.158,0,4.01
944,88.08,73.7,16.57,10.0,12.24,90.4,50.0,1.64,45.54,38.36,0.217,0,36.11
945,44.45,81.0,17.42,3.3,26.28,97.2,50.04,1.55,42.33,58.77,0.157,1,5.5
946,30.77,56.6,4.95,1.4,31.08,47.3,50.27,3.69,6.37,18.21,0.16,0,1.1
947,39.58,49.6,12.76,16.2,20.72,47.1,50.07,4.37,4.65,71.11,0.066,1,10.95
948,93.0,23.3,12.67,14.9,24.58,20.6,49.9,1.04,29.46,75.26,0.15,0,28.3
949,91.17,39.5,10.02,4.7,26.65,74.4,49.81,0.58,26.61,96.85,0.241,1,6.96
950,71.82,49.1,20.73,6.4,27.95,86.0,49.93,4.5,13.32,33.44,0.279,0,36.85
951,72.04,18.0,18.72,1.5,13.28,31.7,49.8,1.81,44.97,11.66,0.153,1,0.95
952,76.55,29.9,16.25,20.2,2.07,32.8,50.01,2.8,46.37,59.1,0.156,0,51.17
953,42.28,63.8,16.57,23.4,13.5,83.2,49.89,1.86,20.13,73.61,0.226,1,83.52
954,94.01,76.2,11.77,4.1,22.36,69.3,49.7,0.72,44.52,81.14,0.286,1,9.7
955,59.31,99.9,20.5,6.3,15.08,23.6,50.25,2.99,19.2,27.44,0.117,0,15.14
956,56.82,94.0,16.2,21.0,24.82,69.8,49.9,2.67,36.84,33.56,0.16,1,52.84
957,66.32,67.8,16.85,22.3,12.04,44.7,49.75,1.09,23.8,56.13,0.249,1,92.51
958,33.29,47.9,19.37,10.7,21.09,49.5,49.97,2.31,6.13,39.75,0.202,0,41.77
959,41.64,67.3,8.21,2.2,6.48,81.6,50.01,4.01,46.4,87.45,0.078,0,1.38
960,81.66,80.7,18.33,1.9,24.83,84.9,49.65,2.99,22.7,52.64,0.207,0,7.23
961,35.8,20.7,6.71,14.2,18.19,52.0,50.07,0.57,36.72,81.96,0.097,0,9.21
962,72.22,46.9,9.56,10.0,7.05,95.8,49.79,2.79,18.36,62.26,0.178,0,17.04
963,47.17,85.6,9.38,1.7,9.92,52.5,50.34,3.54,0.94,79.58,0.182,0,2.84
964,57.25,44.5,21.59,14.4,24.8,81.7,50.1,3.98,5.03,39.94,0.269,1,80.8
965,50.21,61.5,19.27,1.3,16.13,58.7,49.92,3.18,24.81,84.83,0.166,1,-0.59
966,54.9,62.9,16.32,19.1,7.44,91.8,49.85,0.85,34.5,34.71,0.12,1,33.65
967,80.33,26.6,16.81,8.0,31.93,92.6,49.98,3.58,16.74,59.15,0.108,0,14.58
968,50.8,42.6,13.68,1.9,23.71,27.0,50.12,3.42,34.77,29.26,0.269,0,7.08
969,69.65,40.1,20.99,14.5,31.6,94.9,49.99,0.22,34.93,52.8,0.093,1,25.86
970,63.32,12.4,12.43,10.1,14.32,86.0,49.96,2.12,35.2,38.64,0.156,1,18.8
971,76.46,12.2,10.23,23.4,15.89,83.3,50.01,1.73,24.63,34.0,0.097,0,23.17
972,95.58,84.9,6.1,13.5,29.67,36.1,49.88,3.38,45.74,97.03,0.243,1,18.81
973,81.28,34.6,17.94,7.3,17.52,84.4,49.93,1.16,24.46,24.41,0.169,0,22.17
974,45.05,56.6,16.95,17.3,23.46,88.0,49.58,3.0,22.51,80.86,0.138,0,40.45
975,32.18,36.9,10.3,7.2,8.62,43.1,50.19,4.57,9.97,98.57,0.14,1,9.59
976,48.36,94.7,3.48,21.8,14.96,96.2,50.06,4.01,15.38,11.79,0.263,0,19.95
977,71.66,33.3,18.94,9.6,4.42,24.0,49.85,4.62,2.12,72.91,0.188,0,34.33
978,33.6,48.7,3.22,13.6,7.11,32.0,50.38,4.89,31.68,32.76,0.229,0,10.07
979,64.75,88.5,16.37,2.2,0.43,63.0,50.02,0.15,12.43,13.64,0.274,0,9.71
980,71.78,85.8,21.43,10.8,1.68,66.1,49.79,3.15,15.21,46.26,0.275,1,63.5
981,53.4,26.7,11.32,20.1,32.26,71.6,50.17,2.12,38.54,94.17,0.132,0,30.12
982,83.96,82.2,7.46,19.5,8.3,21.4,50.08,4.31,16.36,11.06,0.288,0,42.0
983,37.46,51.2,16.39,6.2,22.02,96.8,50.08,1.33,12.11,62.91,0.056,1,3.81
984,35.26,53.5,18.53,6.2,27.75,23.6,49.91,4.91,8.45,55.13,0.144,0,16.56
985,80.97,22.0,13.38,19.8,18.35,31.4,50.09,3.11,38.74,88.6,0.274,0,72.58
986,64.68,17.3,21.37,22.4,5.39,21.1,49.95,3.99,6.49,17.56,0.119,1,55.18
987,78.19,75.5,3.98,3.2,24.14,65.3,50.11,0.52,22.69,71.34,0.118,1,0.75
988,60.44,54.7,12.59,11.4,19.97,94.6,49.62,1.0,25.35,71.21,0.126,0,17.96
989,47.25,49.3,16.65,8.8,24.24,73.3,49.91,3.82,34.37,70.22,0.203,0,29.63
990,87.34,75.7,19.39,21.0,25.49,85.8,50.34,0.21,31.66,94.81,0.16,1,61.99
991,85.96,78.9,6.41,2.9,32.2,21.1,49.85,4.1,40.54,84.08,0.232,0,4.34
992,78.63,24.3,18.2,5.9,19.1,63.4,49.88,0.17,2.24,13.78,0.274,0,29.17
993,49.05,64.9,13.5,18.3,11.54,56.8,49.91,3.32,14.82,52.4,0.219,0,54.02
994,71.32,22.2,10.53,2.2,21.54,59.9,49.76,1.89,14.01,45.82,0.101,1,-2.35
995,55.27,77.6,5.5,12.3,2.63,25.8,49.56,3.1,7.3,37.91,0.283,0,19.21
996,36.41,69.1,19.44,11.2,29.66,74.8,49.95,3.51,14.46,50.62,0.116,1,23.42
997,94.21,96.1,5.99,8.7,4.29,60.3,50.03,1.78,15.49,44.58,0.087,1,0.96
998,39.58,16.2,8.89,10.1,11.09,81.2,49.99,0.63,26.09,48.91,0.072,1,3.43
999,96.52,15.1,8.51,13.2,26.99,58.8,49.97,0.44,33.19,98.13,0.191,1,20.53
1000,61.22,35.4,19.56,4.7,19.87,32.0,50.01,2.99,19.06,17.98,0.078,0,7.23
